x, 0, 0, 2025-12-17 13:26:31.923466, 2a.sql, 5.355, 620.61, PG
x, 0, 1, 2025-12-17 13:26:32.483422, 2a.sql, 4.914, 624.674, PG
x, 0, 2, 2025-12-17 13:26:34.168738, 2a.sql, 151.066, 539.997, PG
x, 1, 0, 2025-12-17 13:26:38.481058, 10c.sql, 8.189, 4369.304, PG
x, 1, 1, 2025-12-17 13:26:42.798191, 10c.sql, 8.138, 4376.089, PG
x, 1, 2, 2025-12-17 13:26:51.874630, 10c.sql, 151.677, 4275.495, PG
x, 2, 0, 2025-12-17 13:26:54.759595, 18a.sql, 11.543, 2940.052, PG
x, 2, 1, 2025-12-17 13:26:57.664154, 18a.sql, 10.627, 2961.406, PG
x, 2, 2, 2025-12-17 13:27:03.796738, 18a.sql, 168.037, 2850.594, PG
x, 3, 0, 2025-12-17 13:27:12.353103, 17a.sql, 10.547, 8614.808, PG
x, 3, 1, 2025-12-17 13:27:20.886251, 17a.sql, 10.593, 8591.40, PG
x, 3, 2, 2025-12-17 13:27:37.702890, 17a.sql, 151.503, 8228.178, PG
x, 4, 0, 2025-12-17 13:27:37.871627, 32b.sql, 6.414, 232.475, PG
x, 4, 1, 2025-12-17 13:27:38.041619, 32b.sql, 6.579, 233.566, PG
x, 4, 2, 2025-12-17 13:27:38.992625, 32b.sql, 150.488, 183.2, PG
x, 5, 0, 2025-12-17 13:27:40.986084, 30a.sql, 94.731, 1965.94, PG
x, 5, 1, 2025-12-17 13:27:42.984557, 30a.sql, 98.263, 1964.507, PG
x, 5, 2, 2025-12-17 13:27:48.714159, 30a.sql, 223.176, 1678.30, PG
x, 6, 0, 2025-12-17 13:27:48.774143, 6e.sql, 5.3, 125.06, PG
x, 6, 1, 2025-12-17 13:27:48.830820, 6e.sql, 5.228, 121.993, PG
x, 6, 2, 2025-12-17 13:27:49.607253, 6e.sql, 151.472, 104.295, PG
x, 7, 0, 2025-12-17 13:27:50.306445, 12c.sql, 14.251, 753.796, PG
x, 7, 1, 2025-12-17 13:27:51.019643, 12c.sql, 13.889, 766.817, PG
x, 7, 2, 2025-12-17 13:27:53.148489, 12c.sql, 170.472, 722.727, PG
x, 8, 0, 2025-12-17 13:27:53.271836, 21c.sql, 25.328, 166.666, PG
x, 8, 1, 2025-12-17 13:27:53.390976, 21c.sql, 23.312, 164.415, PG
x, 8, 2, 2025-12-17 13:27:54.519880, 21c.sql, 163.146, 180.958, PG
x, 9, 0, 2025-12-17 13:27:54.628015, 11a.sql, 14.118, 162.66, PG
x, 9, 1, 2025-12-17 13:27:54.731784, 11a.sql, 12.857, 159.787, PG
x, 9, 2, 2025-12-17 13:27:55.654408, 11a.sql, 153.704, 151.784, PG
x, 10, 0, 2025-12-17 13:27:56.977769, 16d.sql, 15.674, 1376.33, PG
x, 10, 1, 2025-12-17 13:27:58.296501, 16d.sql, 16.04, 1370.477, PG
x, 10, 2, 2025-12-17 13:28:01.283074, 16d.sql, 153.718, 1118.594, PG
x, 11, 0, 2025-12-17 13:28:03.673538, 25a.sql, 23.972, 2433.435, PG
x, 11, 1, 2025-12-17 13:28:06.043951, 25a.sql, 24.522, 2412.79, PG
x, 11, 2, 2025-12-17 13:28:11.030039, 25a.sql, 157.749, 1910.027, PG
x, 12, 0, 2025-12-17 13:28:15.305927, 10c.sql, 8.288, 4332.751, PG
x, 12, 1, 2025-12-17 13:28:19.628404, 10c.sql, 9.447, 4378.151, PG
x, 12, 2, 2025-12-17 13:28:28.644963, 10c.sql, 168.555, 4238.361, PG
x, 13, 0, 2025-12-17 13:28:44.123665, 16b.sql, 16.25, 15531.531, PG
x, 13, 1, 2025-12-17 13:28:59.551381, 16b.sql, 15.751, 15480.24, PG
x, 13, 2, 2025-12-17 13:29:29.542596, 16b.sql, 155.421, 15150.672, PG
x, 14, 0, 2025-12-17 13:29:30.092006, 2b.sql, 5.089, 613.984, PG
x, 14, 1, 2025-12-17 13:29:30.634518, 2b.sql, 5.347, 607.324, PG
x, 14, 2, 2025-12-17 13:29:32.285596, 2b.sql, 146.225, 524.524, PG
x, 15, 0, 2025-12-17 13:29:32.556268, 26b.sql, 68.191, 270.153, PG
x, 15, 1, 2025-12-17 13:29:32.823682, 26b.sql, 66.581, 269.106, PG
x, 15, 2, 2025-12-17 13:29:35.038478, 26b.sql, 200.324, 211.281, PG
x, 16, 0, 2025-12-17 13:29:36.375155, 16d.sql, 15.133, 1390.038, PG
x, 16, 1, 2025-12-17 13:29:37.694648, 16d.sql, 6.997, 1385.837, PG
x, 16, 2, 2025-12-17 13:29:40.772452, 16d.sql, 154.13, 1184.194, PG
x, 17, 0, 2025-12-17 13:29:45.052057, 28a.sql, 279.716, 4046.982, PG
x, 17, 1, 2025-12-17 13:29:49.327096, 28a.sql, 278.684, 4043.715, PG
x, 17, 2, 2025-12-17 13:30:03.255320, 28a.sql, 394.562, 3924.041, PG
x, 18, 0, 2025-12-17 13:30:03.366083, 4b.sql, 5.162, 175.277, PG
x, 18, 1, 2025-12-17 13:30:03.476653, 4b.sql, 5.233, 175.118, PG
x, 18, 2, 2025-12-17 13:30:04.340693, 4b.sql, 147.014, 157.367, PG
x, 19, 0, 2025-12-17 13:30:04.643681, 10a.sql, 9.168, 361.543, PG
x, 19, 1, 2025-12-17 13:30:04.936534, 10a.sql, 8.81, 351.989, PG
x, 19, 2, 2025-12-17 13:30:06.217069, 10a.sql, 169.437, 344.496, PG
x, 20, 0, 2025-12-17 13:30:06.330962, 4b.sql, 5.082, 178.163, PG
x, 20, 1, 2025-12-17 13:30:06.443664, 4b.sql, 4.822, 177.529, PG
x, 20, 2, 2025-12-17 13:30:07.284080, 4b.sql, 146.093, 150.581, PG
x, 21, 0, 2025-12-17 13:30:09.582944, 30c.sql, 93.046, 2262.22, PG
x, 21, 1, 2025-12-17 13:30:11.884179, 30c.sql, 92.604, 2264.527, PG
x, 21, 2, 2025-12-17 13:30:17.991534, 30c.sql, 221.041, 1803.496, PG
x, 22, 0, 2025-12-17 13:30:18.117919, 1a.sql, 5.056, 190.201, PG
x, 22, 1, 2025-12-17 13:30:18.241611, 1a.sql, 2.335, 195.015, PG
x, 22, 2, 2025-12-17 13:30:19.119675, 1a.sql, 148.147, 181.202, PG
x, 23, 0, 2025-12-17 13:30:19.438567, 15a.sql, 23.58, 362.803, PG
x, 23, 1, 2025-12-17 13:30:19.763842, 15a.sql, 25.636, 367.014, PG
x, 23, 2, 2025-12-17 13:30:21.297754, 15a.sql, 176.36, 348.664, PG
x, 24, 0, 2025-12-17 13:30:22.954642, 8d.sql, 10.091, 1710.193, PG
x, 24, 1, 2025-12-17 13:30:24.607826, 8d.sql, 9.995, 1706.783, PG
x, 24, 2, 2025-12-17 13:30:28.285387, 8d.sql, 164.422, 1585.952, PG
0, 0, 0, 2025-12-17 13:30:33.851375, 1a.sql, 219.202, 181.227, Bao
0, 0, 1, 2025-12-17 13:30:34.543388, 1a.sql, 221.173, 188.268, Bao
0, 0, 2, 2025-12-17 13:30:35.510358, 1a.sql, 194.806, 181.626, Bao
0, 1, 0, 2025-12-17 13:30:39.062436, 13a.sql, 352.944, 2747.292, Bao
0, 1, 1, 2025-12-17 13:30:42.381585, 13a.sql, 359.275, 2502.446, Bao
0, 1, 2, 2025-12-17 13:30:48.001575, 13a.sql, 315.362, 2388.064, Bao
0, 2, 0, 2025-12-17 13:30:51.344202, 13a.sql, 357.098, 2517.302, Bao
0, 2, 1, 2025-12-17 13:30:54.659998, 13a.sql, 354.808, 2491.918, Bao
0, 2, 2, 2025-12-17 13:31:00.307384, 13a.sql, 319.131, 2388.493, Bao
0, 3, 0, 2025-12-17 13:31:03.013674, 5c.sql, 220.56, 2163.981, Bao
0, 3, 1, 2025-12-17 13:31:05.638665, 5c.sql, 231.112, 2058.127, Bao
0, 3, 2, 2025-12-17 13:31:10.300629, 5c.sql, 206.275, 1961.894, Bao
0, 4, 0, 2025-12-17 13:31:24.983358, 28c.sql, 5326.47, 3809.492, Bao
0, 4, 1, 2025-12-17 13:31:39.435481, 28c.sql, 5336.966, 3621.218, Bao
0, 4, 2, 2025-12-17 13:32:02.370022, 28c.sql, 5172.627, 3556.616, Bao
0, 5, 0, 2025-12-17 13:32:03.098434, 4b.sql, 228.933, 177.085, Bao
0, 5, 1, 2025-12-17 13:32:03.804780, 4b.sql, 227.68, 173.842, Bao
0, 5, 2, 2025-12-17 13:32:04.777677, 4b.sql, 195.277, 152.278, Bao
0, 6, 0, 2025-12-17 13:32:06.503446, 32a.sql, 236.503, 1137.837, Bao
0, 6, 1, 2025-12-17 13:32:08.215422, 32a.sql, 241.905, 1128.192, Bao
0, 6, 2, 2025-12-17 13:32:11.051374, 32a.sql, 215.98, 1039.461, Bao
0, 7, 0, 2025-12-17 13:32:23.493553, 26a.sql, 1328.339, 9655.129, Bao
0, 7, 1, 2025-12-17 13:32:32.613185, 26a.sql, 1363.489, 6299.045, Bao
0, 7, 2, 2025-12-17 13:32:48.707257, 26a.sql, 1224.44, 6322.603, Bao
0, 8, 0, 2025-12-17 13:32:54.859794, 9a.sql, 337.055, 5343.788, Bao
0, 8, 1, 2025-12-17 13:32:59.979605, 9a.sql, 353.861, 4269.045, Bao
0, 8, 2, 2025-12-17 13:33:09.592898, 9a.sql, 314.578, 4386.169, Bao
0, 9, 0, 2025-12-17 13:33:15.690472, 20a.sql, 504.306, 4908.332, Bao
0, 9, 1, 2025-12-17 13:33:21.825414, 20a.sql, 501.905, 4965.857, Bao
0, 9, 2, 2025-12-17 13:33:32.729269, 20a.sql, 448.267, 4870.459, Bao
0, 10, 0, 2025-12-17 13:33:41.593726, 26c.sql, 1349.294, 6048.423, Bao
0, 10, 1, 2025-12-17 13:33:50.587291, 26c.sql, 1352.09, 6181.143, Bao
0, 10, 2, 2025-12-17 13:34:05.942357, 26c.sql, 1231.549, 5882.597, Bao
0, 11, 0, 2025-12-17 13:34:07.274594, 5a.sql, 266.376, 676.60, Bao
0, 11, 1, 2025-12-17 13:34:08.583443, 5a.sql, 259.512, 673.033, Bao
0, 11, 2, 2025-12-17 13:34:10.664524, 5a.sql, 252.026, 591.478, Bao
0, 12, 0, 2025-12-17 13:36:29.173316, 29a.sql, 61752.723, 12995.238, Bao
0, 12, 1, 2025-12-17 13:38:45.496217, 29a.sql, 61229.042, 12707.728, Bao
0, 12, 2, 2025-12-17 13:42:15.800935, 29a.sql, 59604.783, 12292.941, Bao
0, 13, 0, 2025-12-17 13:42:16.800750, 6b.sql, 259.015, 352.421, Bao
0, 13, 1, 2025-12-17 13:42:17.764012, 6b.sql, 258.945, 330.439, Bao
0, 13, 2, 2025-12-17 13:42:19.222425, 6b.sql, 225.35, 317.631, Bao
0, 14, 0, 2025-12-17 13:42:27.660506, 27c.sql, 1907.268, 4478.952, Bao
0, 14, 1, 2025-12-17 13:42:35.946846, 27c.sql, 1914.354, 4299.159, Bao
0, 14, 2, 2025-12-17 13:42:50.807030, 27c.sql, 1876.61, 4191.989, Bao
0, 15, 0, 2025-12-17 13:42:53.445700, 31a.sql, 1081.591, 351.625, Bao
0, 15, 1, 2025-12-17 13:42:56.080304, 31a.sql, 1081.017, 345.635, Bao
0, 15, 2, 2025-12-17 13:42:59.982471, 31a.sql, 1043.009, 300.494, Bao
0, 16, 0, 2025-12-17 13:43:02.336576, 11c.sql, 336.141, 1592.652, Bao
0, 16, 1, 2025-12-17 13:43:04.819047, 11c.sql, 335.088, 1600.301, Bao
0, 16, 2, 2025-12-17 13:43:08.779535, 11c.sql, 301.54, 1509.362, Bao
0, 17, 0, 2025-12-17 13:43:18.679973, 17a.sql, 300.067, 9182.714, Bao
0, 17, 1, 2025-12-17 13:43:28.510407, 17a.sql, 299.06, 9132.33, Bao
0, 17, 2, 2025-12-17 13:43:46.912436, 17a.sql, 263.643, 8928.142, Bao
0, 18, 0, 2025-12-17 13:43:48.793109, 18b.sql, 297.707, 1187.529, Bao
0, 18, 1, 2025-12-17 13:43:50.687528, 18b.sql, 302.503, 1187.304, Bao
0, 18, 2, 2025-12-17 13:43:53.655177, 18b.sql, 257.613, 924.99, Bao
0, 19, 0, 2025-12-17 13:43:58.806595, 12c.sql, 340.516, 4264.02, Bao
0, 19, 1, 2025-12-17 13:44:03.959279, 12c.sql, 336.876, 4263.6, Bao
0, 19, 2, 2025-12-17 13:44:13.073534, 12c.sql, 302.775, 4039.48, Bao
0, 20, 0, 2025-12-17 13:44:30.211608, 17b.sql, 296.361, 16445.831, Bao
0, 20, 1, 2025-12-17 13:44:47.336990, 17b.sql, 301.112, 16431.745, Bao
0, 20, 2, 2025-12-17 13:45:20.002226, 17b.sql, 263.963, 16218.124, Bao
0, 21, 0, 2025-12-17 13:45:21.692951, 13b.sql, 392.133, 811.722, Bao
0, 21, 1, 2025-12-17 13:45:23.345626, 13b.sql, 384.878, 781.412, Bao
0, 21, 2, 2025-12-17 13:45:25.866694, 13b.sql, 346.889, 611.383, Bao
0, 22, 0, 2025-12-17 13:45:50.005715, 18a.sql, 295.957, 23443.041, Bao
0, 22, 1, 2025-12-17 13:46:12.669128, 18a.sql, 298.027, 21964.43, Bao
0, 22, 2, 2025-12-17 13:46:56.481456, 18a.sql, 264.514, 21617.894, Bao
0, 23, 0, 2025-12-17 13:49:07.187317, 29c.sql, 61275.427, 7338.709, Bao
0, 23, 1, 2025-12-17 13:51:18.848588, 29c.sql, 61554.35, 7212.431, Bao
0, 23, 2, 2025-12-17 13:54:38.984748, 29c.sql, 59656.598, 7131.763, Bao
0, 24, 0, 2025-12-17 13:54:40.684184, 1d.sql, 250.582, 1107.722, Bao
0, 24, 1, 2025-12-17 13:54:42.429201, 1d.sql, 262.12, 1117.318, Bao
0, 24, 2, 2025-12-17 13:54:45.308389, 1d.sql, 237.065, 1040.87, Bao
1, 0, 0, 2025-12-17 13:54:50.135521, 1d.sql, 244.39, 82.928, Bao
1, 0, 1, 2025-12-17 13:54:50.832494, 1d.sql, 258.833, 82.57, Bao
1, 0, 2, 2025-12-17 13:54:51.780902, 1d.sql, 235.2, 81.631, Bao
1, 1, 0, 2025-12-17 13:54:54.263396, 16c.sql, 344.845, 1685.306, Bao
1, 1, 1, 2025-12-17 13:54:56.738995, 16c.sql, 345.014, 1688.295, Bao
1, 1, 2, 2025-12-17 13:55:00.818152, 16c.sql, 305.062, 1481.594, Bao
1, 2, 0, 2025-12-17 13:55:09.386522, 17f.sql, 304.517, 7857.90, Bao
1, 2, 1, 2025-12-17 13:55:17.944498, 17f.sql, 303.486, 7853.468, Bao
1, 2, 2, 2025-12-17 13:55:33.755641, 17f.sql, 261.828, 7571.062, Bao
1, 3, 0, 2025-12-17 13:55:35.362296, 8a.sql, 300.318, 871.801, Bao
1, 3, 1, 2025-12-17 13:55:36.928971, 8a.sql, 298.585, 870.295, Bao
1, 3, 2, 2025-12-17 13:55:39.631992, 8a.sql, 272.416, 840.257, Bao
1, 4, 0, 2025-12-17 13:55:40.865424, 2b.sql, 263.86, 598.482, Bao
1, 4, 1, 2025-12-17 13:55:42.086334, 2b.sql, 261.48, 602.468, Bao
1, 4, 2, 2025-12-17 13:55:43.934421, 2b.sql, 219.595, 519.795, Bao
1, 5, 0, 2025-12-17 13:55:56.200886, 28c.sql, 5423.157, 1225.589, Bao
1, 5, 1, 2025-12-17 13:56:08.435925, 28c.sql, 5411.558, 1243.037, Bao
1, 5, 2, 2025-12-17 13:56:26.584617, 28c.sql, 5243.465, 1062.34, Bao
1, 6, 0, 2025-12-17 13:56:28.454412, 15c.sql, 458.746, 842.116, Bao
1, 6, 1, 2025-12-17 13:56:30.357171, 15c.sql, 466.691, 856.169, Bao
1, 6, 2, 2025-12-17 13:56:33.253803, 15c.sql, 426.159, 686.378, Bao
1, 7, 0, 2025-12-17 13:56:34.000525, 32a.sql, 272.712, 101.718, Bao
1, 7, 1, 2025-12-17 13:56:34.741296, 32a.sql, 268.931, 101.363, Bao
1, 7, 2, 2025-12-17 13:56:35.733336, 32a.sql, 232.616, 98.918, Bao
1, 8, 0, 2025-12-17 13:56:36.891784, 15b.sql, 463.032, 120.686, Bao
1, 8, 1, 2025-12-17 13:56:38.040746, 15b.sql, 459.442, 120.984, Bao
1, 8, 2, 2025-12-17 13:56:39.643481, 15b.sql, 427.935, 113.215, Bao
1, 9, 0, 2025-12-17 13:56:42.902357, 20a.sql, 479.745, 2190.789, Bao
1, 9, 1, 2025-12-17 13:56:46.160999, 20a.sql, 492.65, 2175.491, Bao
1, 9, 2, 2025-12-17 13:56:51.699962, 20a.sql, 453.372, 1972.439, Bao
1, 10, 0, 2025-12-17 13:56:53.137896, 9c.sql, 346.43, 642.667, Bao
1, 10, 1, 2025-12-17 13:56:54.561526, 9c.sql, 336.287, 637.852, Bao
1, 10, 2, 2025-12-17 13:56:56.781024, 9c.sql, 320.452, 577.239, Bao
1, 11, 0, 2025-12-17 13:56:58.014568, 2a.sql, 260.839, 611.392, Bao
1, 11, 1, 2025-12-17 13:56:59.244564, 2a.sql, 261.188, 610.799, Bao
1, 11, 2, 2025-12-17 13:57:01.121096, 2a.sql, 221.078, 527.051, Bao
1, 12, 0, 2025-12-17 13:57:08.144805, 26c.sql, 1303.817, 4294.175, Bao
1, 12, 1, 2025-12-17 13:57:15.190855, 26c.sql, 1305.494, 4311.23, Bao
1, 12, 2, 2025-12-17 13:57:27.105892, 26c.sql, 1260.603, 4000.804, Bao
1, 13, 0, 2025-12-17 13:57:31.412524, 30b.sql, 1815.926, 538.154, Bao
1, 13, 1, 2025-12-17 13:57:35.696961, 30b.sql, 1808.318, 531.391, Bao
1, 13, 2, 2025-12-17 13:57:42.137623, 30b.sql, 1780.42, 441.922, Bao
1, 14, 0, 2025-12-17 13:57:43.032395, 5c.sql, 268.105, 263.914, Bao
1, 14, 1, 2025-12-17 13:57:43.909948, 5c.sql, 250.4, 264.093, Bao
1, 14, 2, 2025-12-17 13:57:45.205273, 5c.sql, 242.347, 259.11, Bao
1, 15, 0, 2025-12-17 13:57:46.089872, 3a.sql, 244.249, 288.932, Bao
1, 15, 1, 2025-12-17 13:57:46.989734, 3a.sql, 257.139, 287.039, Bao
1, 15, 2, 2025-12-17 13:57:48.234355, 3a.sql, 215.849, 213.237, Bao
1, 16, 0, 2025-12-17 13:57:58.071936, 17a.sql, 299.963, 9136.787, Bao
1, 16, 1, 2025-12-17 13:58:07.856285, 17a.sql, 302.677, 9080.976, Bao
1, 16, 2, 2025-12-17 13:58:26.332016, 17a.sql, 260.346, 8965.998, Bao
1, 17, 0, 2025-12-17 13:58:27.267087, 11a.sql, 339.544, 163.526, Bao
1, 17, 1, 2025-12-17 13:58:28.198878, 11a.sql, 333.003, 165.404, Bao
1, 17, 2, 2025-12-17 13:58:29.491585, 11a.sql, 296.786, 149.442, Bao
1, 18, 0, 2025-12-17 13:58:31.082349, 19b.sql, 620.111, 240.048, Bao
1, 18, 1, 2025-12-17 13:58:32.659832, 19b.sql, 615.051, 238.642, Bao
1, 18, 2, 2025-12-17 13:58:35.013035, 19b.sql, 593.182, 238.698, Bao
1, 19, 0, 2025-12-17 13:58:43.535475, 17f.sql, 291.062, 7837.961, Bao
1, 19, 1, 2025-12-17 13:58:52.111464, 17f.sql, 303.905, 7877.805, Bao
1, 19, 2, 2025-12-17 13:59:07.969298, 17f.sql, 259.719, 7590.753, Bao
1, 20, 0, 2025-12-17 13:59:10.448667, 16c.sql, 343.953, 1690.2, Bao
1, 20, 1, 2025-12-17 13:59:12.913268, 16c.sql, 344.173, 1682.694, Bao
1, 20, 2, 2025-12-17 13:59:16.983953, 16c.sql, 304.889, 1480.36, Bao
1, 21, 0, 2025-12-17 13:59:17.944747, 8b.sql, 303.321, 256.631, Bao
1, 21, 1, 2025-12-17 13:59:18.884691, 8b.sql, 286.313, 256.042, Bao
1, 21, 2, 2025-12-17 13:59:20.264829, 8b.sql, 269.561, 246.032, Bao
1, 22, 0, 2025-12-17 13:59:25.083332, 6d.sql, 250.66, 4212.714, Bao
1, 22, 1, 2025-12-17 13:59:29.932033, 6d.sql, 263.48, 4223.12, Bao
1, 22, 2, 2025-12-17 13:59:38.792233, 6d.sql, 226.694, 3985.632, Bao
1, 23, 0, 2025-12-17 13:59:40.420867, 19b.sql, 626.925, 242.321, Bao
1, 23, 1, 2025-12-17 13:59:42.004908, 19b.sql, 616.867, 239.741, Bao
1, 23, 2, 2025-12-17 13:59:44.332924, 19b.sql, 585.369, 232.364, Bao
1, 24, 0, 2025-12-17 13:59:45.530350, 2c.sql, 260.766, 574.432, Bao
1, 24, 1, 2025-12-17 13:59:46.716059, 2c.sql, 259.323, 571.28, Bao
1, 24, 2, 2025-12-17 13:59:48.527474, 2c.sql, 223.942, 510.856, Bao
2, 0, 0, 2025-12-17 13:59:54.926582, 20c.sql, 489.147, 1040.861, Bao
2, 0, 1, 2025-12-17 13:59:57.018166, 20c.sql, 479.11, 1037.973, Bao
2, 0, 2, 2025-12-17 14:00:00.291381, 20c.sql, 450.178, 819.365, Bao
2, 1, 0, 2025-12-17 14:00:05.371120, 7b.sql, 336.924, 4191.518, Bao
2, 1, 1, 2025-12-17 14:00:10.300641, 7b.sql, 338.085, 4143.457, Bao
2, 1, 2, 2025-12-17 14:00:19.134255, 7b.sql, 309.805, 3986.824, Bao
2, 2, 0, 2025-12-17 14:00:21.873295, 22d.sql, 840.459, 941.195, Bao
2, 2, 1, 2025-12-17 14:00:24.572962, 22d.sql, 825.972, 935.327, Bao
2, 2, 2, 2025-12-17 14:00:28.835484, 22d.sql, 805.433, 798.432, Bao
2, 3, 0, 2025-12-17 14:00:32.824220, 17e.sql, 290.493, 3314.509, Bao
2, 3, 1, 2025-12-17 14:00:36.804606, 17e.sql, 299.326, 3275.138, Bao
2, 3, 2, 2025-12-17 14:00:43.742040, 17e.sql, 265.905, 3232.102, Bao
2, 4, 0, 2025-12-17 14:00:49.682055, 17c.sql, 292.906, 5265.775, Bao
2, 4, 1, 2025-12-17 14:00:55.710170, 17c.sql, 303.933, 5318.387, Bao
2, 4, 2, 2025-12-17 14:01:06.595445, 17c.sql, 252.117, 4985.848, Bao
2, 5, 0, 2025-12-17 14:01:10.720001, 27a.sql, 1935.219, 112.092, Bao
2, 5, 1, 2025-12-17 14:01:14.839799, 27a.sql, 1932.047, 113.777, Bao
2, 5, 2, 2025-12-17 14:01:20.890974, 27a.sql, 1897.49, 120.026, Bao
2, 6, 0, 2025-12-17 14:01:24.879153, 17e.sql, 298.476, 3283.795, Bao
2, 6, 1, 2025-12-17 14:01:28.848183, 17e.sql, 294.034, 3290.726, Bao
2, 6, 2, 2025-12-17 14:01:35.704829, 17e.sql, 276.939, 3213.822, Bao
2, 7, 0, 2025-12-17 14:01:47.679350, 28a.sql, 5414.905, 964.822, Bao
2, 7, 1, 2025-12-17 14:01:59.460341, 28a.sql, 5389.046, 889.244, Bao
2, 7, 2, 2025-12-17 14:02:17.562359, 28a.sql, 5370.861, 856.619, Bao
2, 8, 0, 2025-12-17 14:02:23.225890, 6f.sql, 266.282, 4946.841, Bao
2, 8, 1, 2025-12-17 14:02:28.784834, 6f.sql, 254.99, 4960.659, Bao
2, 8, 2, 2025-12-17 14:02:39.005014, 6f.sql, 243.737, 4842.034, Bao
2, 9, 0, 2025-12-17 14:02:40.152352, 21a.sql, 445.203, 166.173, Bao
2, 9, 1, 2025-12-17 14:02:41.322000, 21a.sql, 448.891, 170.126, Bao
2, 9, 2, 2025-12-17 14:02:42.984850, 21a.sql, 412.25, 156.854, Bao
2, 10, 0, 2025-12-17 14:02:50.446472, 16d.sql, 342.87, 6555.906, Bao
2, 10, 1, 2025-12-17 14:02:57.707277, 16d.sql, 334.558, 6498.8, Bao
2, 10, 2, 2025-12-17 14:03:11.133190, 16d.sql, 317.512, 6397.229, Bao
2, 11, 0, 2025-12-17 14:03:16.449554, 9d.sql, 337.118, 4454.373, Bao
2, 11, 1, 2025-12-17 14:03:21.899811, 9d.sql, 337.607, 4583.983, Bao
2, 11, 2, 2025-12-17 14:03:30.920366, 9d.sql, 316.143, 3852.264, Bao
2, 12, 0, 2025-12-17 14:03:34.562163, 25a.sql, 423.543, 2704.531, Bao
2, 12, 1, 2025-12-17 14:03:38.305276, 25a.sql, 508.559, 2689.546, Bao
2, 12, 2, 2025-12-17 14:03:44.692523, 25a.sql, 388.139, 2440.331, Bao
2, 13, 0, 2025-12-17 14:03:48.624287, 13a.sql, 387.811, 3052.958, Bao
2, 13, 1, 2025-12-17 14:03:52.386808, 13a.sql, 373.686, 2925.536, Bao
2, 13, 2, 2025-12-17 14:03:58.959307, 13a.sql, 344.093, 2797.521, Bao
2, 14, 0, 2025-12-17 14:04:00.264647, 11c.sql, 334.372, 534.304, Bao
2, 14, 1, 2025-12-17 14:04:01.590586, 11c.sql, 347.581, 541.272, Bao
2, 14, 2, 2025-12-17 14:04:03.578044, 11c.sql, 292.251, 547.581, Bao
2, 15, 0, 2025-12-17 14:04:05.225133, 13c.sql, 396.668, 755.018, Bao
2, 15, 1, 2025-12-17 14:04:06.864136, 13c.sql, 383.433, 759.398, Bao
2, 15, 2, 2025-12-17 14:04:09.487692, 13c.sql, 362.492, 726.39, Bao
2, 16, 0, 2025-12-17 14:06:12.738022, 29b.sql, 60299.225, 404.419, Bao
2, 16, 1, 2025-12-17 14:08:16.327502, 29b.sql, 60731.951, 420.555, Bao
2, 16, 2, 2025-12-17 14:11:20.751820, 29b.sql, 59219.208, 402.632, Bao
2, 17, 0, 2025-12-17 14:11:25.406708, 3c.sql, 255.415, 3976.086, Bao
2, 17, 1, 2025-12-17 14:11:30.319572, 3c.sql, 255.308, 4301.621, Bao
2, 17, 2, 2025-12-17 14:11:38.898935, 3c.sql, 231.777, 3813.605, Bao
2, 18, 0, 2025-12-17 14:11:40.078920, 21c.sql, 456.669, 169.994, Bao
2, 18, 1, 2025-12-17 14:11:41.260237, 21c.sql, 452.636, 173.38, Bao
2, 18, 2, 2025-12-17 14:11:42.931381, 21c.sql, 416.82, 153.479, Bao
2, 19, 0, 2025-12-17 14:11:44.005451, 12a.sql, 335.508, 297.438, Bao
2, 19, 1, 2025-12-17 14:11:45.074351, 12a.sql, 339.96, 298.377, Bao
2, 19, 2, 2025-12-17 14:11:46.669786, 12a.sql, 310.224, 285.736, Bao
2, 20, 0, 2025-12-17 14:11:49.410526, 20b.sql, 480.609, 1665.038, Bao
2, 20, 1, 2025-12-17 14:11:52.179807, 20b.sql, 491.89, 1665.716, Bao
2, 20, 2, 2025-12-17 14:11:56.731006, 20b.sql, 455.917, 1456.179, Bao
2, 21, 0, 2025-12-17 14:12:02.075387, 9d.sql, 348.307, 4446.107, Bao
2, 21, 1, 2025-12-17 14:12:07.593429, 9d.sql, 344.174, 4627.126, Bao
2, 21, 2, 2025-12-17 14:12:16.725095, 9d.sql, 308.131, 3870.561, Bao
2, 22, 0, 2025-12-17 14:12:24.197504, 25c.sql, 434.75, 6496.361, Bao
2, 22, 1, 2025-12-17 14:12:31.664436, 25c.sql, 443.191, 6486.986, Bao
2, 22, 2, 2025-12-17 14:12:45.666452, 25c.sql, 397.97, 6249.175, Bao
2, 23, 0, 2025-12-17 14:12:46.788409, 9a.sql, 348.827, 317.901, Bao
2, 23, 1, 2025-12-17 14:12:47.891375, 9a.sql, 342.693, 313.135, Bao
2, 23, 2, 2025-12-17 14:12:49.530636, 9a.sql, 312.895, 303.585, Bao
2, 24, 0, 2025-12-17 14:12:50.479422, 6b.sql, 254.944, 339.552, Bao
2, 24, 1, 2025-12-17 14:12:51.437747, 6b.sql, 262.848, 340.365, Bao
2, 24, 2, 2025-12-17 14:12:52.809851, 6b.sql, 223.528, 257.917, Bao
3, 0, 0, 2025-12-17 14:12:58.813323, 10b.sql, 297.275, 227.382, Bao
3, 0, 1, 2025-12-17 14:12:59.711367, 10b.sql, 284.442, 224.164, Bao
3, 0, 2, 2025-12-17 14:13:00.993479, 10b.sql, 261.806, 197.935, Bao
3, 1, 0, 2025-12-17 14:13:03.850904, 31c.sql, 1068.218, 456.442, Bao
3, 1, 1, 2025-12-17 14:13:06.566337, 31c.sql, 1076.454, 446.739, Bao
3, 1, 2, 2025-12-17 14:13:10.712601, 31c.sql, 1042.209, 420.451, Bao
3, 2, 0, 2025-12-17 14:13:14.992929, 30b.sql, 1802.644, 534.302, Bao
3, 2, 1, 2025-12-17 14:13:19.269962, 30b.sql, 1803.233, 530.597, Bao
3, 2, 2, 2025-12-17 14:13:25.681780, 30b.sql, 1768.076, 439.367, Bao
3, 3, 0, 2025-12-17 14:13:29.922770, 26a.sql, 1301.182, 1509.359, Bao
3, 3, 1, 2025-12-17 14:13:34.171060, 26a.sql, 1303.433, 1507.438, Bao
3, 3, 2, 2025-12-17 14:13:41.049039, 26a.sql, 1249.466, 1293.786, Bao
3, 4, 0, 2025-12-17 14:13:49.106743, 17f.sql, 303.98, 7263.192, Bao
3, 4, 1, 2025-12-17 14:13:57.651804, 17f.sql, 301.045, 7842.653, Bao
3, 4, 2, 2025-12-17 14:14:13.448521, 17f.sql, 262.543, 7569.124, Bao
3, 5, 0, 2025-12-17 14:14:14.683003, 2a.sql, 265.105, 610.809, Bao
3, 5, 1, 2025-12-17 14:14:15.912502, 2a.sql, 261.445, 610.386, Bao
3, 5, 2, 2025-12-17 14:14:17.791037, 2a.sql, 220.898, 531.857, Bao
3, 6, 0, 2025-12-17 14:14:19.439641, 13c.sql, 389.847, 759.275, Bao
3, 6, 1, 2025-12-17 14:14:21.073101, 13c.sql, 384.209, 761.732, Bao
3, 6, 2, 2025-12-17 14:14:23.700117, 13c.sql, 362.783, 728.759, Bao
3, 7, 0, 2025-12-17 14:14:25.870982, 22b.sql, 834.736, 383.787, Bao
3, 7, 1, 2025-12-17 14:14:28.038466, 22b.sql, 834.565, 380.429, Bao
3, 7, 2, 2025-12-17 14:14:31.251844, 22b.sql, 805.299, 298.381, Bao
3, 8, 0, 2025-12-17 14:14:33.985611, 22d.sql, 835.905, 939.599, Bao
3, 8, 1, 2025-12-17 14:14:36.720006, 22d.sql, 839.147, 938.632, Bao
3, 8, 2, 2025-12-17 14:14:40.954761, 22d.sql, 802.487, 795.994, Bao
3, 9, 0, 2025-12-17 14:15:07.873521, 8c.sql, 298.06, 26218.803, Bao
3, 9, 1, 2025-12-17 14:15:34.886363, 8c.sql, 299.196, 26214.455, Bao
3, 9, 2, 2025-12-17 14:16:28.042822, 8c.sql, 270.055, 26367.229, Bao
3, 10, 0, 2025-12-17 14:16:28.770954, 6c.sql, 264.674, 102.57, Bao
3, 10, 1, 2025-12-17 14:16:29.502665, 6c.sql, 262.302, 102.215, Bao
3, 10, 2, 2025-12-17 14:16:30.483302, 6c.sql, 233.059, 96.489, Bao
3, 11, 0, 2025-12-17 14:16:40.262832, 17e.sql, 295.447, 9082.828, Bao
3, 11, 1, 2025-12-17 14:16:50.085629, 17e.sql, 303.741, 9118.907, Bao
3, 11, 2, 2025-12-17 14:17:07.508099, 17e.sql, 250.091, 8231.872, Bao
3, 12, 0, 2025-12-17 14:17:11.707691, 24b.sql, 1839.125, 386.265, Bao
3, 12, 1, 2025-12-17 14:17:15.886507, 24b.sql, 1829.334, 384.913, Bao
3, 12, 2, 2025-12-17 14:17:22.179683, 24b.sql, 1793.84, 392.366, Bao
3, 13, 0, 2025-12-17 14:17:24.287358, 15d.sql, 466.025, 1064.087, Bao
3, 13, 1, 2025-12-17 14:17:26.397962, 15d.sql, 467.112, 1070.18, Bao
3, 13, 2, 2025-12-17 14:17:29.699043, 15d.sql, 425.928, 866.332, Bao
3, 14, 0, 2025-12-17 14:17:30.849537, 7b.sql, 340.815, 368.501, Bao
3, 14, 1, 2025-12-17 14:17:31.995122, 7b.sql, 334.505, 374.21, Bao
3, 14, 2, 2025-12-17 14:17:33.600060, 7b.sql, 296.108, 254.136, Bao
3, 15, 0, 2025-12-17 14:17:34.335877, 6c.sql, 265.489, 102.373, Bao
3, 15, 1, 2025-12-17 14:17:35.052955, 6c.sql, 257.265, 103.653, Bao
3, 15, 2, 2025-12-17 14:17:36.018804, 6c.sql, 223.048, 98.261, Bao
3, 16, 0, 2025-12-17 14:17:45.434991, 18c.sql, 293.216, 8725.332, Bao
3, 16, 1, 2025-12-17 14:17:54.727528, 18c.sql, 300.206, 8583.088, Bao
3, 16, 2, 2025-12-17 14:18:12.412906, 18c.sql, 259.842, 8298.723, Bao
3, 17, 0, 2025-12-17 14:18:13.672831, 2a.sql, 275.078, 611.933, Bao
3, 17, 1, 2025-12-17 14:18:14.916425, 2a.sql, 260.585, 611.635, Bao
3, 17, 2, 2025-12-17 14:18:16.797346, 2a.sql, 220.015, 529.436, Bao
3, 18, 0, 2025-12-17 14:18:28.952659, 28c.sql, 5393.544, 1179.109, Bao
3, 18, 1, 2025-12-17 14:18:41.109300, 28c.sql, 5397.579, 1185.403, Bao
3, 18, 2, 2025-12-17 14:18:59.260013, 28c.sql, 5265.96, 1018.876, Bao
3, 19, 0, 2025-12-17 14:19:00.676048, 15a.sql, 464.556, 376.171, Bao
3, 19, 1, 2025-12-17 14:19:02.177755, 15a.sql, 463.218, 388.149, Bao
3, 19, 2, 2025-12-17 14:19:04.326242, 15a.sql, 429.994, 371.352, Bao
3, 20, 0, 2025-12-17 14:19:13.345898, 33c.sql, 4372.855, 101.799, Bao
3, 20, 1, 2025-12-17 14:19:22.355648, 33c.sql, 4356.087, 102.229, Bao
3, 20, 2, 2025-12-17 14:19:35.742021, 33c.sql, 4334.015, 94.688, Bao
3, 21, 0, 2025-12-17 14:19:39.975777, 26a.sql, 1301.896, 1511.879, Bao
3, 21, 1, 2025-12-17 14:19:44.216287, 26a.sql, 1300.969, 1506.07, Bao
3, 21, 2, 2025-12-17 14:19:50.944601, 26a.sql, 1243.412, 1302.11, Bao
3, 22, 0, 2025-12-17 14:19:51.839586, 3a.sql, 255.31, 286.919, Bao
3, 22, 1, 2025-12-17 14:19:52.738192, 3a.sql, 255.76, 287.82, Bao
3, 22, 2, 2025-12-17 14:19:53.981162, 3a.sql, 215.424, 215.026, Bao
3, 23, 0, 2025-12-17 14:20:01.330156, 25c.sql, 436.932, 6379.944, Bao
3, 23, 1, 2025-12-17 14:20:08.676108, 25c.sql, 442.377, 6371.101, Bao
3, 23, 2, 2025-12-17 14:20:22.564697, 25c.sql, 403.331, 6180.895, Bao
3, 24, 0, 2025-12-17 14:20:23.578629, 10a.sql, 296.085, 317.969, Bao
3, 24, 1, 2025-12-17 14:20:24.568888, 10a.sql, 284.293, 318.093, Bao
3, 24, 2, 2025-12-17 14:20:26.031455, 10a.sql, 267.982, 287.10, Bao
4, 0, 0, 2025-12-17 14:20:33.238240, 19c.sql, 615.954, 550.579, Bao
4, 0, 1, 2025-12-17 14:20:35.171233, 19c.sql, 623.424, 573.447, Bao
4, 0, 2, 2025-12-17 14:20:38.083144, 19c.sql, 585.031, 465.563, Bao
4, 1, 0, 2025-12-17 14:20:41.760214, 10c.sql, 291.907, 2904.035, Bao
4, 1, 1, 2025-12-17 14:20:45.427671, 10c.sql, 290.163, 2893.314, Bao
4, 1, 2, 2025-12-17 14:20:51.933289, 10c.sql, 258.801, 2811.449, Bao
4, 2, 0, 2025-12-17 14:20:55.840897, 7c.sql, 334.473, 3143.174, Bao
4, 2, 1, 2025-12-17 14:20:59.744831, 7c.sql, 335.832, 3136.072, Bao
4, 2, 2, 2025-12-17 14:21:06.518271, 7c.sql, 295.97, 2972.124, Bao
4, 3, 0, 2025-12-17 14:21:11.375340, 6d.sql, 263.567, 4237.90, Bao
4, 3, 1, 2025-12-17 14:21:16.220657, 6d.sql, 262.439, 4229.206, Bao
4, 3, 2, 2025-12-17 14:21:24.993254, 6d.sql, 224.772, 3943.401, Bao
4, 4, 0, 2025-12-17 14:21:25.849690, 5a.sql, 263.896, 228.639, Bao
4, 4, 1, 2025-12-17 14:21:26.690715, 5a.sql, 249.393, 230.765, Bao
4, 4, 2, 2025-12-17 14:21:27.926571, 5a.sql, 234.238, 224.733, Bao
4, 5, 0, 2025-12-17 14:21:29.571522, 19a.sql, 607.954, 313.404, Bao
4, 5, 1, 2025-12-17 14:21:31.239846, 19a.sql, 616.392, 321.072, Bao
4, 5, 2, 2025-12-17 14:21:33.740518, 19a.sql, 586.541, 316.08, Bao
4, 6, 0, 2025-12-17 14:21:34.752682, 11d.sql, 333.933, 245.338, Bao
4, 6, 1, 2025-12-17 14:21:35.755788, 11d.sql, 330.851, 239.556, Bao
4, 6, 2, 2025-12-17 14:21:37.188985, 11d.sql, 291.839, 226.664, Bao
4, 7, 0, 2025-12-17 14:21:42.081832, 6d.sql, 262.801, 4268.928, Bao
4, 7, 1, 2025-12-17 14:21:46.945798, 6d.sql, 264.459, 4242.357, Bao
4, 7, 2, 2025-12-17 14:21:55.719508, 6d.sql, 226.184, 3944.082, Bao
4, 8, 0, 2025-12-17 14:21:59.720895, 8c.sql, 300.463, 3205.322, Bao
4, 8, 1, 2025-12-17 14:22:03.763840, 8c.sql, 295.398, 3247.572, Bao
4, 8, 2, 2025-12-17 14:22:10.653343, 8c.sql, 260.04, 3116.407, Bao
4, 9, 0, 2025-12-17 14:22:12.840487, 12c.sql, 339.224, 1407.60, Bao
4, 9, 1, 2025-12-17 14:22:15.112267, 12c.sql, 428.007, 1403.067, Bao
4, 9, 2, 2025-12-17 14:22:18.703439, 12c.sql, 297.779, 1252.889, Bao
4, 10, 0, 2025-12-17 14:22:21.024272, 23c.sql, 835.521, 532.267, Bao
4, 10, 1, 2025-12-17 14:22:23.336867, 23c.sql, 834.925, 523.212, Bao
4, 10, 2, 2025-12-17 14:22:26.789954, 23c.sql, 798.716, 416.181, Bao
4, 11, 0, 2025-12-17 14:22:27.861577, 12a.sql, 339.291, 295.827, Bao
4, 11, 1, 2025-12-17 14:22:28.937268, 12a.sql, 339.166, 294.808, Bao
4, 11, 2, 2025-12-17 14:22:30.518191, 12a.sql, 312.698, 283.248, Bao
4, 12, 0, 2025-12-17 14:22:43.674631, 33b.sql, 6437.904, 98.94, Bao
4, 12, 1, 2025-12-17 14:22:56.858075, 33b.sql, 6443.175, 98.773, Bao
4, 12, 2, 2025-12-17 14:23:16.471748, 33b.sql, 6429.124, 93.161, Bao
4, 13, 0, 2025-12-17 14:23:25.513168, 33c.sql, 4365.973, 108.736, Bao
4, 13, 1, 2025-12-17 14:23:34.527824, 33c.sql, 4355.765, 105.578, Bao
4, 13, 2, 2025-12-17 14:23:47.899987, 33c.sql, 4334.772, 98.819, Bao
4, 14, 0, 2025-12-17 14:23:49.088983, 14a.sql, 325.558, 425.579, Bao
4, 14, 1, 2025-12-17 14:23:50.279050, 14a.sql, 324.669, 424.428, Bao
4, 14, 2, 2025-12-17 14:23:51.987697, 14a.sql, 286.645, 320.975, Bao
4, 15, 0, 2025-12-17 14:23:53.945799, 23b.sql, 840.91, 165.912, Bao
4, 15, 1, 2025-12-17 14:23:55.902344, 23b.sql, 841.799, 158.739, Bao
4, 15, 2, 2025-12-17 14:23:58.719478, 23b.sql, 807.992, 134.334, Bao
4, 16, 0, 2025-12-17 14:24:02.686544, 26c.sql, 1296.868, 1242.234, Bao
4, 16, 1, 2025-12-17 14:24:06.650724, 26c.sql, 1301.019, 1237.403, Bao
4, 16, 2, 2025-12-17 14:24:12.743151, 26c.sql, 1260.818, 1004.024, Bao
4, 17, 0, 2025-12-17 14:24:22.559652, 17e.sql, 305.935, 9113.935, Bao
4, 17, 1, 2025-12-17 14:24:32.367270, 17e.sql, 305.584, 9109.809, Bao
4, 17, 2, 2025-12-17 14:24:50.448522, 17e.sql, 265.902, 8843.246, Bao
4, 18, 0, 2025-12-17 14:24:51.198183, 6c.sql, 284.874, 100.674, Bao
4, 18, 1, 2025-12-17 14:24:51.917116, 6c.sql, 261.957, 100.524, Bao
4, 18, 2, 2025-12-17 14:24:52.915642, 6c.sql, 234.012, 105.952, Bao
4, 19, 0, 2025-12-17 14:24:54.200328, 21c.sql, 452.404, 174.851, Bao
4, 19, 1, 2025-12-17 14:24:55.487444, 21c.sql, 455.449, 172.633, Bao
4, 19, 2, 2025-12-17 14:24:57.151110, 21c.sql, 415.099, 161.57, Bao
4, 20, 0, 2025-12-17 14:24:59.534412, 16c.sql, 340.877, 1548.803, Bao
4, 20, 1, 2025-12-17 14:25:02.084213, 16c.sql, 341.307, 1696.244, Bao
4, 20, 2, 2025-12-17 14:25:06.123284, 16c.sql, 302.88, 1462.706, Bao
4, 21, 0, 2025-12-17 14:25:09.880264, 26a.sql, 1305.935, 1018.912, Bao
4, 21, 1, 2025-12-17 14:25:13.627453, 26a.sql, 1304.167, 1021.86, Bao
4, 21, 2, 2025-12-17 14:25:19.328701, 26a.sql, 1262.981, 795.76, Bao
4, 22, 0, 2025-12-17 14:25:20.079659, 32a.sql, 287.371, 109.867, Bao
4, 22, 1, 2025-12-17 14:25:20.814054, 32a.sql, 265.306, 100.402, Bao
4, 22, 2, 2025-12-17 14:25:21.810374, 32a.sql, 233.914, 100.458, Bao
4, 23, 0, 2025-12-17 14:25:38.289475, 16b.sql, 343.951, 15612.147, Bao
4, 23, 1, 2025-12-17 14:25:55.934194, 16b.sql, 343.07, 16847.475, Bao
4, 23, 2, 2025-12-17 14:26:28.893239, 16b.sql, 305.605, 16477.179, Bao
4, 24, 0, 2025-12-17 14:26:30.483808, 19b.sql, 627.248, 237.266, Bao
4, 24, 1, 2025-12-17 14:26:32.074437, 19b.sql, 627.127, 237.954, Bao
4, 24, 2, 2025-12-17 14:26:34.421685, 19b.sql, 593.486, 230.099, Bao
5, 0, 0, 2025-12-17 14:26:50.088767, 9d.sql, 349.274, 4833.874, Bao
5, 0, 1, 2025-12-17 14:26:55.989016, 9d.sql, 347.766, 5102.176, Bao
5, 0, 2, 2025-12-17 14:27:06.558889, 9d.sql, 308.878, 4760.652, Bao
5, 1, 0, 2025-12-17 14:27:07.893005, 2b.sql, 266.346, 708.469, Bao
5, 1, 1, 2025-12-17 14:27:09.214948, 2b.sql, 262.054, 705.997, Bao
5, 1, 2, 2025-12-17 14:27:11.285779, 2b.sql, 222.077, 630.976, Bao
5, 2, 0, 2025-12-17 14:27:13.567913, 22b.sql, 838.543, 345.918, Bao
5, 2, 1, 2025-12-17 14:27:15.748937, 22b.sql, 839.9, 380.469, Bao
5, 2, 2, 2025-12-17 14:27:18.967450, 22b.sql, 809.667, 294.884, Bao
5, 3, 0, 2025-12-17 14:27:20.391994, 25b.sql, 449.003, 436.043, Bao
5, 3, 1, 2025-12-17 14:27:21.817537, 25b.sql, 444.825, 433.489, Bao
5, 3, 2, 2025-12-17 14:27:23.914872, 25b.sql, 405.9, 350.968, Bao
5, 4, 0, 2025-12-17 14:27:30.294016, 13d.sql, 386.611, 5375.684, Bao
5, 4, 1, 2025-12-17 14:27:36.513208, 13d.sql, 391.083, 5333.836, Bao
5, 4, 2, 2025-12-17 14:27:47.719609, 13d.sql, 355.316, 5312.123, Bao
5, 5, 0, 2025-12-17 14:27:58.918998, 17a.sql, 295.204, 10500.899, Bao
5, 5, 1, 2025-12-17 14:28:10.831087, 17a.sql, 306.089, 11204.776, Bao
5, 5, 2, 2025-12-17 14:28:33.221881, 17a.sql, 259.116, 10981.689, Bao
5, 6, 0, 2025-12-17 14:28:33.944270, 1a.sql, 266.802, 98.8, Bao
5, 6, 1, 2025-12-17 14:28:34.665183, 1a.sql, 263.035, 96.499, Bao
5, 6, 2, 2025-12-17 14:28:35.648925, 1a.sql, 224.179, 96.384, Bao
5, 7, 0, 2025-12-17 14:28:48.575382, 28a.sql, 5382.452, 1036.169, Bao
5, 7, 1, 2025-12-17 14:29:01.484722, 28a.sql, 5400.553, 1028.268, Bao
5, 7, 2, 2025-12-17 14:29:19.621554, 28a.sql, 5262.071, 939.224, Bao
5, 8, 0, 2025-12-17 14:29:25.552851, 17b.sql, 288.023, 5210.947, Bao
5, 8, 1, 2025-12-17 14:29:31.365356, 17b.sql, 292.881, 5065.665, Bao
5, 8, 2, 2025-12-17 14:29:43.438019, 17b.sql, 255.987, 5075.428, Bao
5, 9, 0, 2025-12-17 14:29:45.909895, 16d.sql, 346.387, 1679.028, Bao
5, 9, 1, 2025-12-17 14:29:48.415714, 16d.sql, 351.151, 1696.804, Bao
5, 9, 2, 2025-12-17 14:29:52.507753, 16d.sql, 311.657, 1497.151, Bao
5, 10, 0, 2025-12-17 14:29:53.391467, 12b.sql, 345.358, 84.689, Bao
5, 10, 1, 2025-12-17 14:29:54.239267, 12b.sql, 329.625, 84.012, Bao
5, 10, 2, 2025-12-17 14:29:55.469143, 12b.sql, 301.094, 82.901, Bao
5, 11, 0, 2025-12-17 14:32:06.122773, 29c.sql, 60228.654, 7314.714, Bao
5, 11, 1, 2025-12-17 14:34:17.139526, 29c.sql, 60526.932, 7278.465, Bao
5, 11, 2, 2025-12-17 14:37:37.659876, 29c.sql, 59417.337, 7189.221, Bao
5, 12, 0, 2025-12-17 14:37:48.789199, 17a.sql, 305.27, 10373.08, Bao
5, 12, 1, 2025-12-17 14:38:00.729044, 17a.sql, 303.415, 11230.684, Bao
5, 12, 2, 2025-12-17 14:38:21.226312, 17a.sql, 261.219, 9943.139, Bao
5, 13, 0, 2025-12-17 14:38:22.847180, 7a.sql, 341.823, 767.855, Bao
5, 13, 1, 2025-12-17 14:38:24.452025, 7a.sql, 337.057, 770.716, Bao
5, 13, 2, 2025-12-17 14:38:27.090624, 7a.sql, 345.467, 624.166, Bao
5, 14, 0, 2025-12-17 14:38:28.041861, 6b.sql, 263.209, 306.06, Bao
5, 14, 1, 2025-12-17 14:38:28.971252, 6b.sql, 260.013, 306.831, Bao
5, 14, 2, 2025-12-17 14:38:30.410776, 6b.sql, 230.266, 246.569, Bao
5, 15, 0, 2025-12-17 14:38:31.291875, 12b.sql, 341.986, 84.686, Bao
5, 15, 1, 2025-12-17 14:38:32.122844, 12b.sql, 320.872, 84.52, Bao
5, 15, 2, 2025-12-17 14:38:33.292953, 12b.sql, 305.31, 82.733, Bao
5, 16, 0, 2025-12-17 14:38:39.074686, 17b.sql, 289.12, 5020.767, Bao
5, 16, 1, 2025-12-17 14:38:44.942599, 17b.sql, 339.215, 5078.81, Bao
5, 16, 2, 2025-12-17 14:38:57.917341, 17b.sql, 266.929, 6039.139, Bao
5, 17, 0, 2025-12-17 14:38:59.448183, 2d.sql, 268.602, 894.286, Bao
5, 17, 1, 2025-12-17 14:39:00.979323, 2d.sql, 269.216, 897.51, Bao
5, 17, 2, 2025-12-17 14:39:03.367414, 2d.sql, 226.143, 765.686, Bao
5, 18, 0, 2025-12-17 14:39:05.805743, 16d.sql, 349.522, 1571.826, Bao
5, 18, 1, 2025-12-17 14:39:08.293839, 16d.sql, 346.97, 1690.963, Bao
5, 18, 2, 2025-12-17 14:39:12.395515, 16d.sql, 310.692, 1500.70, Bao
5, 19, 0, 2025-12-17 14:39:13.595247, 14a.sql, 349.952, 428.113, Bao
5, 19, 1, 2025-12-17 14:39:14.820495, 14a.sql, 322.13, 435.932, Bao
5, 19, 2, 2025-12-17 14:39:16.514101, 14a.sql, 287.357, 318.528, Bao
5, 20, 0, 2025-12-17 14:39:18.065968, 8a.sql, 292.157, 807.5, Bao
5, 20, 1, 2025-12-17 14:39:19.609453, 8a.sql, 293.274, 799.231, Bao
5, 20, 2, 2025-12-17 14:39:22.065824, 8a.sql, 274.722, 756.667, Bao
5, 21, 0, 2025-12-17 14:39:26.161402, 27b.sql, 1929.144, 106.60, Bao
5, 21, 1, 2025-12-17 14:39:30.258381, 27b.sql, 1911.346, 108.143, Bao
5, 21, 2, 2025-12-17 14:39:36.233117, 27b.sql, 1877.77, 104.52, Bao
5, 22, 0, 2025-12-17 14:39:38.150275, 23b.sql, 810.858, 161.729, Bao
5, 22, 1, 2025-12-17 14:39:40.048888, 23b.sql, 812.952, 157.319, Bao
5, 22, 2, 2025-12-17 14:39:42.815914, 23b.sql, 784.01, 141.696, Bao
5, 23, 0, 2025-12-17 14:39:43.598878, 3b.sql, 236.216, 207.714, Bao
5, 23, 1, 2025-12-17 14:39:44.419326, 3b.sql, 235.04, 225.691, Bao
5, 23, 2, 2025-12-17 14:39:45.505752, 3b.sql, 207.831, 160.411, Bao
5, 24, 0, 2025-12-17 14:39:46.289799, 4b.sql, 250.245, 172.472, Bao
5, 24, 1, 2025-12-17 14:39:47.058253, 4b.sql, 240.094, 182.881, Bao
5, 24, 2, 2025-12-17 14:39:48.084652, 4b.sql, 210.061, 146.015, Bao
6, 0, 0, 2025-12-17 14:39:55.225312, 16a.sql, 319.885, 304.238, Bao
6, 0, 1, 2025-12-17 14:39:56.427433, 16a.sql, 323.616, 350.039, Bao
6, 0, 2, 2025-12-17 14:39:57.910834, 16a.sql, 290.599, 218.452, Bao
6, 1, 0, 2025-12-17 14:40:01.665742, 13a.sql, 363.315, 2792.1, Bao
6, 1, 1, 2025-12-17 14:40:05.364749, 13a.sql, 365.693, 2750.356, Bao
6, 1, 2, 2025-12-17 14:40:11.675206, 13a.sql, 327.721, 2707.356, Bao
6, 2, 0, 2025-12-17 14:40:13.908418, 22a.sql, 811.563, 495.12, Bao
6, 2, 1, 2025-12-17 14:40:16.142500, 22a.sql, 805.267, 494.2, Bao
6, 2, 2, 2025-12-17 14:40:19.482610, 22a.sql, 780.495, 412.915, Bao
6, 3, 0, 2025-12-17 14:40:20.701991, 21c.sql, 432.546, 171.30, Bao
6, 3, 1, 2025-12-17 14:40:21.860487, 21c.sql, 450.806, 167.581, Bao
6, 3, 2, 2025-12-17 14:40:23.520981, 21c.sql, 410.863, 156.173, Bao
6, 4, 0, 2025-12-17 14:40:25.581609, 23a.sql, 827.25, 298.165, Bao
6, 4, 1, 2025-12-17 14:40:27.632487, 23a.sql, 818.581, 294.901, Bao
6, 4, 2, 2025-12-17 14:40:30.612813, 23a.sql, 789.163, 225.944, Bao
6, 5, 0, 2025-12-17 14:40:31.341467, 32a.sql, 253.68, 99.603, Bao
6, 5, 1, 2025-12-17 14:40:32.066891, 32a.sql, 268.644, 106.96, Bao
6, 5, 2, 2025-12-17 14:40:33.040472, 32a.sql, 219.379, 94.454, Bao
6, 6, 0, 2025-12-17 14:40:38.501777, 30a.sql, 1758.455, 1802.001, Bao
6, 6, 1, 2025-12-17 14:40:43.883689, 30a.sql, 1747.345, 1745.382, Bao
6, 6, 2, 2025-12-17 14:40:52.478911, 30a.sql, 1711.381, 1572.276, Bao
6, 7, 0, 2025-12-17 14:40:56.241309, 9c.sql, 326.325, 3009.401, Bao
6, 7, 1, 2025-12-17 14:41:00.087950, 9c.sql, 330.323, 2964.095, Bao
6, 7, 2, 2025-12-17 14:41:06.876453, 9c.sql, 304.79, 2865.897, Bao
6, 8, 0, 2025-12-17 14:41:08.867965, 13b.sql, 391.301, 1130.341, Bao
6, 8, 1, 2025-12-17 14:41:10.859541, 13b.sql, 372.825, 1124.863, Bao
6, 8, 2, 2025-12-17 14:41:14.272837, 13b.sql, 352.507, 1089.082, Bao
6, 9, 0, 2025-12-17 14:41:15.521463, 21a.sql, 446.507, 170.80, Bao
6, 9, 1, 2025-12-17 14:41:16.690693, 21a.sql, 448.559, 180.24, Bao
6, 9, 2, 2025-12-17 14:41:18.378818, 21a.sql, 404.755, 157.475, Bao
6, 10, 0, 2025-12-17 14:41:19.091380, 1a.sql, 241.44, 107.01, Bao
6, 10, 1, 2025-12-17 14:41:19.803067, 1a.sql, 244.267, 97.201, Bao
6, 10, 2, 2025-12-17 14:41:20.772756, 1a.sql, 226.908, 89.81, Bao
6, 11, 0, 2025-12-17 14:41:21.687553, 6b.sql, 262.044, 307.98, Bao
6, 11, 1, 2025-12-17 14:41:22.568622, 6b.sql, 243.528, 294.482, Bao
6, 11, 2, 2025-12-17 14:41:23.913887, 6b.sql, 211.48, 258.523, Bao
6, 12, 0, 2025-12-17 14:41:30.457110, 17d.sql, 300.647, 5838.948, Bao
6, 12, 1, 2025-12-17 14:41:37.279991, 17d.sql, 315.706, 6098.508, Bao
6, 12, 2, 2025-12-17 14:41:47.714591, 17d.sql, 264.534, 4728.341, Bao
6, 13, 0, 2025-12-17 14:41:48.768277, 16a.sql, 325.998, 304.537, Bao
6, 13, 1, 2025-12-17 14:41:49.832123, 16a.sql, 324.646, 299.945, Bao
6, 13, 2, 2025-12-17 14:41:51.328871, 16a.sql, 290.016, 222.953, Bao
6, 14, 0, 2025-12-17 14:41:54.999816, 22c.sql, 803.836, 1933.911, Bao
6, 14, 1, 2025-12-17 14:41:58.670425, 22c.sql, 803.53, 1938.216, Bao
6, 14, 2, 2025-12-17 14:42:04.858979, 22c.sql, 780.385, 1834.027, Bao
6, 15, 0, 2025-12-17 14:42:06.018247, 21c.sql, 438.073, 173.365, Bao
6, 15, 1, 2025-12-17 14:42:07.203998, 21c.sql, 432.268, 170.264, Bao
6, 15, 2, 2025-12-17 14:42:08.846261, 21c.sql, 401.723, 162.2, Bao
6, 16, 0, 2025-12-17 14:42:10.012876, 18a.sql, 279.024, 503.741, Bao
6, 16, 1, 2025-12-17 14:42:11.172947, 18a.sql, 281.317, 494.224, Bao
6, 16, 2, 2025-12-17 14:42:12.996397, 18a.sql, 253.857, 438.566, Bao
6, 17, 0, 2025-12-17 14:42:18.631657, 17d.sql, 275.707, 4974.035, Bao
6, 17, 1, 2025-12-17 14:42:25.559355, 17d.sql, 284.177, 6149.481, Bao
6, 17, 2, 2025-12-17 14:42:38.213017, 17d.sql, 265.787, 5854.04, Bao
6, 18, 0, 2025-12-17 14:42:42.227288, 7c.sql, 331.041, 3161.40, Bao
6, 18, 1, 2025-12-17 14:42:46.200860, 7c.sql, 316.037, 3162.848, Bao
6, 18, 2, 2025-12-17 14:42:53.025475, 7c.sql, 295.722, 2969.02, Bao
6, 19, 0, 2025-12-17 14:42:57.089841, 22c.sql, 831.378, 2030.887, Bao
6, 19, 1, 2025-12-17 14:43:00.810462, 22c.sql, 811.128, 1951.948, Bao
6, 19, 2, 2025-12-17 14:43:07.027039, 22c.sql, 780.159, 1834.362, Bao
6, 20, 0, 2025-12-17 14:43:07.934337, 6b.sql, 244.101, 303.553, Bao
6, 20, 1, 2025-12-17 14:43:08.841913, 6b.sql, 242.673, 303.334, Bao
6, 20, 2, 2025-12-17 14:43:10.117968, 6b.sql, 213.894, 238.577, Bao
6, 21, 0, 2025-12-17 14:43:13.914290, 26c.sql, 1272.758, 1105.073, Bao
6, 21, 1, 2025-12-17 14:43:17.679378, 26c.sql, 1280.41, 1066.8, Bao
6, 21, 2, 2025-12-17 14:43:23.455683, 26c.sql, 1246.68, 895.562, Bao
6, 22, 0, 2025-12-17 14:43:24.445293, 11c.sql, 315.519, 254.451, Bao
6, 22, 1, 2025-12-17 14:43:25.432051, 11c.sql, 313.176, 255.213, Bao
6, 22, 2, 2025-12-17 14:43:26.840722, 11c.sql, 278.148, 238.697, Bao
6, 23, 0, 2025-12-17 14:43:31.072957, 9d.sql, 331.614, 3368.142, Bao
6, 23, 1, 2025-12-17 14:43:35.251543, 9d.sql, 351.771, 3295.162, Bao
6, 23, 2, 2025-12-17 14:43:42.839553, 9d.sql, 322.997, 3262.943, Bao
6, 24, 0, 2025-12-17 14:43:43.688496, 5b.sql, 265.65, 220.147, Bao
6, 24, 1, 2025-12-17 14:43:44.550328, 5b.sql, 261.812, 221.429, Bao
6, 24, 2, 2025-12-17 14:43:45.747630, 5b.sql, 232.205, 216.312, Bao
7, 0, 0, 2025-12-17 14:43:56.519695, 9a.sql, 346.054, 306.924, Bao
7, 0, 1, 2025-12-17 14:43:57.620156, 9a.sql, 349.736, 308.245, Bao
7, 0, 2, 2025-12-17 14:43:59.278648, 9a.sql, 323.021, 303.276, Bao
7, 1, 0, 2025-12-17 14:44:03.194548, 7c.sql, 322.913, 3159.56, Bao
7, 1, 1, 2025-12-17 14:44:07.127930, 7c.sql, 342.38, 3154.29, Bao
7, 1, 2, 2025-12-17 14:44:13.950830, 7c.sql, 295.556, 2982.153, Bao
7, 2, 0, 2025-12-17 14:44:14.846622, 5c.sql, 270.164, 260.437, Bao
7, 2, 1, 2025-12-17 14:44:15.737652, 5c.sql, 267.509, 263.423, Bao
7, 2, 2, 2025-12-17 14:44:17.064495, 5c.sql, 234.259, 254.397, Bao
7, 3, 0, 2025-12-17 14:44:18.237127, 15b.sql, 463.057, 119.558, Bao
7, 3, 1, 2025-12-17 14:44:19.528575, 15b.sql, 472.006, 131.703, Bao
7, 3, 2, 2025-12-17 14:44:21.173688, 15b.sql, 433.234, 121.068, Bao
7, 4, 0, 2025-12-17 14:44:23.515763, 23c.sql, 820.505, 451.547, Bao
7, 4, 1, 2025-12-17 14:44:25.861001, 23c.sql, 820.472, 441.083, Bao
7, 4, 2, 2025-12-17 14:44:29.262592, 23c.sql, 785.766, 405.932, Bao
7, 5, 0, 2025-12-17 14:44:33.635644, 16d.sql, 350.215, 3464.518, Bao
7, 5, 1, 2025-12-17 14:44:37.948462, 16d.sql, 345.002, 3460.3, Bao
7, 5, 2, 2025-12-17 14:44:45.242571, 16d.sql, 328.83, 3379.082, Bao
7, 6, 0, 2025-12-17 14:44:46.428190, 21a.sql, 452.489, 168.026, Bao
7, 6, 1, 2025-12-17 14:44:47.614737, 21a.sql, 456.358, 173.956, Bao
7, 6, 2, 2025-12-17 14:44:49.292769, 21a.sql, 415.275, 155.374, Bao
7, 7, 0, 2025-12-17 14:44:50.305298, 11d.sql, 331.942, 240.166, Bao
7, 7, 1, 2025-12-17 14:44:51.315476, 11d.sql, 330.787, 240.241, Bao
7, 7, 2, 2025-12-17 14:44:52.752994, 11d.sql, 289.92, 223.467, Bao
7, 8, 0, 2025-12-17 14:44:56.020900, 20a.sql, 489.053, 2175.323, Bao
7, 8, 1, 2025-12-17 14:44:59.286683, 20a.sql, 491.929, 2176.921, Bao
7, 8, 2, 2025-12-17 14:45:04.682621, 20a.sql, 447.962, 1750.222, Bao
7, 9, 0, 2025-12-17 14:45:06.065727, 9c.sql, 342.106, 531.016, Bao
7, 9, 1, 2025-12-17 14:45:07.404287, 9c.sql, 343.709, 539.126, Bao
7, 9, 2, 2025-12-17 14:45:09.447124, 9c.sql, 319.083, 474.188, Bao
7, 10, 0, 2025-12-17 14:45:15.863720, 17e.sql, 296.015, 5647.503, Bao
7, 10, 1, 2025-12-17 14:45:22.251210, 17e.sql, 295.466, 5637.048, Bao
7, 10, 2, 2025-12-17 14:45:33.662460, 17e.sql, 274.08, 5489.985, Bao
7, 11, 0, 2025-12-17 14:45:34.473018, 3b.sql, 257.949, 213.295, Bao
7, 11, 1, 2025-12-17 14:45:35.267707, 3b.sql, 235.024, 206.014, Bao
7, 11, 2, 2025-12-17 14:45:36.351100, 3b.sql, 203.258, 162.481, Bao
7, 12, 0, 2025-12-17 14:45:38.947236, 22d.sql, 818.441, 829.42, Bao
7, 12, 1, 2025-12-17 14:45:41.546334, 22d.sql, 817.57, 827.601, Bao
7, 12, 2, 2025-12-17 14:45:45.557505, 22d.sql, 793.233, 704.451, Bao
7, 13, 0, 2025-12-17 14:45:46.727605, 21c.sql, 435.211, 171.889, Bao
7, 13, 1, 2025-12-17 14:45:47.901743, 21c.sql, 434.604, 180.231, Bao
7, 13, 2, 2025-12-17 14:45:49.528806, 21c.sql, 400.546, 155.056, Bao
7, 14, 0, 2025-12-17 14:46:46.082017, 8d.sql, 278.195, 55815.17, Bao
7, 14, 1, 2025-12-17 14:47:42.607407, 8d.sql, 295.876, 55772.392, Bao
7, 14, 2, 2025-12-17 14:49:21.425345, 8d.sql, 245.766, 54153.23, Bao
7, 15, 0, 2025-12-17 14:49:27.953959, 9d.sql, 332.857, 5764.38, Bao
7, 15, 1, 2025-12-17 14:49:34.611541, 9d.sql, 328.655, 5770.352, Bao
7, 15, 2, 2025-12-17 14:49:46.882346, 9d.sql, 318.708, 5604.819, Bao
7, 16, 0, 2025-12-17 14:49:53.537977, 26c.sql, 1296.734, 3940.675, Bao
7, 16, 1, 2025-12-17 14:50:00.910419, 26c.sql, 1337.706, 4231.834, Bao
7, 16, 2, 2025-12-17 14:50:12.105535, 26c.sql, 1243.292, 3657.265, Bao
7, 17, 0, 2025-12-17 14:50:14.766205, 31c.sql, 1053.218, 428.237, Bao
7, 17, 1, 2025-12-17 14:50:17.426528, 31c.sql, 1051.731, 430.128, Bao
7, 17, 2, 2025-12-17 14:50:21.532288, 31c.sql, 1061.151, 448.615, Bao
7, 18, 0, 2025-12-17 14:50:22.908069, 15a.sql, 457.828, 355.069, Bao
7, 18, 1, 2025-12-17 14:50:24.245405, 15a.sql, 433.202, 344.011, Bao
7, 18, 2, 2025-12-17 14:50:26.286903, 15a.sql, 422.015, 341.847, Bao
7, 19, 0, 2025-12-17 14:50:30.317387, 18c.sql, 272.002, 3354.738, Bao
7, 19, 1, 2025-12-17 14:50:34.286230, 18c.sql, 281.996, 3300.446, Bao
7, 19, 2, 2025-12-17 14:50:41.654182, 18c.sql, 272.785, 3173.493, Bao
7, 20, 0, 2025-12-17 14:50:42.733369, 9a.sql, 334.375, 288.243, Bao
7, 20, 1, 2025-12-17 14:50:43.873566, 9a.sql, 343.511, 288.237, Bao
7, 20, 2, 2025-12-17 14:50:45.489709, 9a.sql, 318.193, 281.658, Bao
7, 21, 0, 2025-12-17 14:50:49.854014, 27c.sql, 1897.493, 107.956, Bao
7, 21, 1, 2025-12-17 14:50:54.237963, 27c.sql, 1905.645, 117.673, Bao
7, 21, 2, 2025-12-17 14:51:00.192586, 27c.sql, 1856.594, 108.084, Bao
7, 22, 0, 2025-12-17 14:51:03.392436, 26b.sql, 1293.828, 271.973, Bao
7, 22, 1, 2025-12-17 14:51:06.525864, 26b.sql, 1297.022, 284.283, Bao
7, 22, 2, 2025-12-17 14:51:10.847584, 26b.sql, 1245.489, 194.913, Bao
7, 23, 0, 2025-12-17 14:51:24.102545, 33a.sql, 6468.451, 108.378, Bao
7, 23, 1, 2025-12-17 14:51:37.349245, 33a.sql, 6505.688, 97.705, Bao
7, 23, 2, 2025-12-17 14:51:57.075308, 33a.sql, 6380.948, 99.986, Bao
7, 24, 0, 2025-12-17 14:51:58.089491, 11d.sql, 331.589, 239.665, Bao
7, 24, 1, 2025-12-17 14:51:59.112826, 11d.sql, 335.339, 246.716, Bao
7, 24, 2, 2025-12-17 14:52:00.556746, 11d.sql, 292.631, 224.368, Bao
8, 0, 0, 2025-12-17 14:52:24.472808, 28a.sql, 5397.13, 4059.599, Bao
8, 0, 1, 2025-12-17 14:52:40.362836, 28a.sql, 5402.227, 4063.66, Bao
8, 0, 2, 2025-12-17 14:53:04.411793, 28a.sql, 5269.806, 3924.825, Bao
8, 1, 0, 2025-12-17 14:53:08.585749, 24b.sql, 1836.326, 380.699, Bao
8, 1, 1, 2025-12-17 14:53:12.772689, 24b.sql, 1838.611, 374.658, Bao
8, 1, 2, 2025-12-17 14:53:19.038061, 24b.sql, 1786.098, 375.834, Bao
8, 2, 0, 2025-12-17 14:53:19.804658, 6a.sql, 265.114, 123.644, Bao
8, 2, 1, 2025-12-17 14:53:20.556408, 6a.sql, 262.432, 122.747, Bao
8, 2, 2, 2025-12-17 14:53:21.554731, 6a.sql, 228.31, 101.165, Bao
8, 3, 0, 2025-12-17 14:53:22.985419, 15a.sql, 485.403, 359.632, Bao
8, 3, 1, 2025-12-17 14:53:24.399020, 15a.sql, 463.997, 359.325, Bao
8, 3, 2, 2025-12-17 14:53:26.512012, 15a.sql, 441.754, 345.752, Bao
8, 4, 0, 2025-12-17 14:53:30.747393, 8d.sql, 288.847, 3538.105, Bao
8, 4, 1, 2025-12-17 14:53:35.028026, 8d.sql, 295.604, 3566.381, Bao
8, 4, 2, 2025-12-17 14:53:42.755011, 8d.sql, 273.556, 3463.998, Bao
8, 5, 0, 2025-12-17 14:53:44.896158, 12c.sql, 341.737, 1282.713, Bao
8, 5, 1, 2025-12-17 14:53:47.070715, 12c.sql, 340.402, 1397.10, Bao
8, 5, 2, 2025-12-17 14:53:50.671116, 12c.sql, 299.871, 1203.251, Bao
8, 6, 0, 2025-12-17 14:53:52.782340, 15d.sql, 461.757, 1065.249, Bao
8, 6, 1, 2025-12-17 14:53:54.907979, 15d.sql, 467.509, 1070.955, Bao
8, 6, 2, 2025-12-17 14:53:58.225417, 15d.sql, 433.359, 871.356, Bao
8, 7, 0, 2025-12-17 14:54:10.536866, 28b.sql, 5454.262, 1236.91, Bao
8, 7, 1, 2025-12-17 14:54:23.646467, 28b.sql, 5459.139, 1168.551, Bao
8, 7, 2, 2025-12-17 14:54:42.487642, 28b.sql, 5407.749, 1150.259, Bao
8, 8, 0, 2025-12-17 14:54:48.267253, 30a.sql, 1779.187, 2079.862, Bao
8, 8, 1, 2025-12-17 14:54:53.845830, 30a.sql, 1853.51, 1803.353, Bao
8, 8, 2, 2025-12-17 14:55:02.389223, 30a.sql, 1718.054, 1532.986, Bao
8, 9, 0, 2025-12-17 14:55:07.830239, 17b.sql, 300.719, 4684.2, Bao
8, 9, 1, 2025-12-17 14:55:14.112390, 17b.sql, 303.25, 5574.218, Bao
8, 9, 2, 2025-12-17 14:55:23.577197, 17b.sql, 263.79, 4188.834, Bao
8, 10, 0, 2025-12-17 14:55:29.113571, 13d.sql, 387.785, 4563.401, Bao
8, 10, 1, 2025-12-17 14:55:34.554643, 13d.sql, 383.381, 4513.826, Bao
8, 10, 2, 2025-12-17 14:55:44.498397, 13d.sql, 348.981, 4630.535, Bao
8, 11, 0, 2025-12-17 14:55:45.261275, 6e.sql, 267.553, 126.087, Bao
8, 11, 1, 2025-12-17 14:55:46.026868, 6e.sql, 280.457, 120.911, Bao
8, 11, 2, 2025-12-17 14:55:47.031560, 6e.sql, 225.862, 102.135, Bao
8, 12, 0, 2025-12-17 14:55:53.099386, 17c.sql, 303.329, 5361.194, Bao
8, 12, 1, 2025-12-17 14:55:59.149826, 17c.sql, 310.538, 5335.58, Bao
8, 12, 2, 2025-12-17 14:56:10.313176, 17c.sql, 266.196, 5103.036, Bao
8, 13, 0, 2025-12-17 14:56:23.462121, 28b.sql, 5462.986, 1170.849, Bao
8, 13, 1, 2025-12-17 14:56:35.834863, 28b.sql, 5485.386, 1214.984, Bao
8, 13, 2, 2025-12-17 14:56:54.339405, 28b.sql, 5326.466, 1081.852, Bao
8, 14, 0, 2025-12-17 14:58:59.000964, 29a.sql, 61056.241, 474.173, Bao
8, 14, 1, 2025-12-17 15:01:04.502012, 29a.sql, 61941.835, 488.127, Bao
8, 14, 2, 2025-12-17 15:04:12.614611, 29a.sql, 59747.987, 464.64, Bao
8, 15, 0, 2025-12-17 15:04:13.900308, 21c.sql, 478.432, 176.357, Bao
8, 15, 1, 2025-12-17 15:04:15.185103, 21c.sql, 481.511, 175.777, Bao
8, 15, 2, 2025-12-17 15:04:16.872453, 21c.sql, 420.253, 161.586, Bao
8, 16, 0, 2025-12-17 15:04:21.272414, 27c.sql, 1908.793, 119.453, Bao
8, 16, 1, 2025-12-17 15:04:25.695225, 27c.sql, 1915.47, 119.991, Bao
8, 16, 2, 2025-12-17 15:04:31.693497, 27c.sql, 1871.045, 107.501, Bao
8, 17, 0, 2025-12-17 15:04:38.197543, 25c.sql, 423.486, 5485.181, Bao
8, 17, 1, 2025-12-17 15:04:44.527970, 25c.sql, 434.904, 5290.075, Bao
8, 17, 2, 2025-12-17 15:04:58.412680, 25c.sql, 399.831, 6160.904, Bao
8, 18, 0, 2025-12-17 15:05:00.154562, 8a.sql, 308.058, 935.063, Bao
8, 18, 1, 2025-12-17 15:05:01.838938, 8a.sql, 297.924, 909.656, Bao
8, 18, 2, 2025-12-17 15:05:04.433404, 8a.sql, 252.777, 850.522, Bao
8, 19, 0, 2025-12-17 15:05:06.903542, 16c.sql, 345.952, 1701.451, Bao
8, 19, 1, 2025-12-17 15:05:09.365553, 16c.sql, 350.275, 1686.424, Bao
8, 19, 2, 2025-12-17 15:05:13.455981, 16c.sql, 295.279, 1431.014, Bao
8, 20, 0, 2025-12-17 15:05:15.973870, 31b.sql, 1092.082, 214.63, Bao
8, 20, 1, 2025-12-17 15:05:18.543303, 31b.sql, 1110.736, 221.891, Bao
8, 20, 2, 2025-12-17 15:05:22.258296, 31b.sql, 1056.716, 211.019, Bao
8, 21, 0, 2025-12-17 15:05:28.550769, 17b.sql, 304.024, 5584.967, Bao
8, 21, 1, 2025-12-17 15:05:33.858692, 17b.sql, 295.363, 4551.011, Bao
8, 21, 2, 2025-12-17 15:05:43.635828, 17b.sql, 262.409, 4707.414, Bao
8, 22, 0, 2025-12-17 15:05:45.752121, 20c.sql, 488.715, 1037.371, Bao
8, 22, 1, 2025-12-17 15:05:47.883211, 20c.sql, 492.238, 1037.984, Bao
8, 22, 2, 2025-12-17 15:05:51.161845, 20c.sql, 448.032, 820.155, Bao
8, 23, 0, 2025-12-17 15:05:53.836202, 2d.sql, 268.237, 1957.462, Bao
8, 23, 1, 2025-12-17 15:05:56.501571, 2d.sql, 261.891, 1966.987, Bao
8, 23, 2, 2025-12-17 15:06:00.983798, 2d.sql, 236.903, 1889.896, Bao
8, 24, 0, 2025-12-17 15:06:10.372430, 18c.sql, 300.978, 8683.677, Bao
8, 24, 1, 2025-12-17 15:06:19.721671, 18c.sql, 315.417, 8614.007, Bao
8, 24, 2, 2025-12-17 15:06:36.097225, 18c.sql, 260.812, 7293.72, Bao
9, 0, 0, 2025-12-17 15:06:51.234741, 19b.sql, 624.712, 593.267, Bao
9, 0, 1, 2025-12-17 15:06:53.177000, 19b.sql, 629.63, 571.612, Bao
9, 0, 2, 2025-12-17 15:06:56.208945, 19b.sql, 592.127, 558.822, Bao
9, 1, 0, 2025-12-17 15:07:09.469654, 33a.sql, 6499.726, 97.358, Bao
9, 1, 1, 2025-12-17 15:07:23.811351, 33a.sql, 6520.077, 107.546, Bao
9, 1, 2, 2025-12-17 15:07:43.617087, 33a.sql, 6461.106, 95.928, Bao
9, 2, 0, 2025-12-17 15:07:44.493229, 12b.sql, 345.808, 83.985, Bao
9, 2, 1, 2025-12-17 15:07:45.334566, 12b.sql, 325.98, 84.079, Bao
9, 2, 2, 2025-12-17 15:07:46.496386, 12b.sql, 302.399, 82.108, Bao
9, 3, 0, 2025-12-17 15:07:49.396914, 22d.sql, 828.518, 1120.20, Bao
9, 3, 1, 2025-12-17 15:07:52.326365, 22d.sql, 847.258, 1121.719, Bao
9, 3, 2, 2025-12-17 15:07:56.648709, 22d.sql, 793.427, 868.286, Bao
9, 4, 0, 2025-12-17 15:08:02.603866, 9d.sql, 344.337, 5158.598, Bao
9, 4, 1, 2025-12-17 15:08:08.524725, 9d.sql, 345.587, 5127.916, Bao
9, 4, 2, 2025-12-17 15:08:19.203303, 9d.sql, 309.786, 4828.088, Bao
9, 5, 0, 2025-12-17 15:08:25.077839, 9d.sql, 351.166, 4989.579, Bao
9, 5, 1, 2025-12-17 15:08:31.019548, 9d.sql, 348.332, 5135.376, Bao
9, 5, 2, 2025-12-17 15:08:41.643205, 9d.sql, 310.497, 4797.30, Bao
9, 6, 0, 2025-12-17 15:08:42.519714, 12b.sql, 344.219, 83.982, Bao
9, 6, 1, 2025-12-17 15:08:43.377268, 12b.sql, 328.429, 83.656, Bao
9, 6, 2, 2025-12-17 15:08:44.553239, 12b.sql, 311.803, 82.414, Bao
9, 7, 0, 2025-12-17 15:08:46.723131, 16d.sql, 335.253, 1396.251, Bao
9, 7, 1, 2025-12-17 15:08:48.909400, 16d.sql, 344.365, 1382.674, Bao
9, 7, 2, 2025-12-17 15:08:52.429075, 16d.sql, 303.78, 1199.185, Bao
9, 8, 0, 2025-12-17 15:08:56.473066, 17e.sql, 300.369, 3332.063, Bao
9, 8, 1, 2025-12-17 15:09:00.630460, 17e.sql, 308.028, 3353.886, Bao
9, 8, 2, 2025-12-17 15:09:07.646363, 17e.sql, 270.505, 3224.085, Bao
9, 9, 0, 2025-12-17 15:09:09.214055, 8a.sql, 296.021, 869.203, Bao
9, 9, 1, 2025-12-17 15:09:10.890918, 8a.sql, 302.632, 882.917, Bao
9, 9, 2, 2025-12-17 15:09:13.615276, 8a.sql, 275.441, 839.678, Bao
9, 10, 0, 2025-12-17 15:09:18.520544, 6d.sql, 266.163, 4266.156, Bao
9, 10, 1, 2025-12-17 15:09:22.609066, 6d.sql, 259.836, 3435.19, Bao
9, 10, 2, 2025-12-17 15:09:30.877631, 6d.sql, 227.054, 3357.032, Bao
9, 11, 0, 2025-12-17 15:09:34.914181, 6d.sql, 279.076, 3394.834, Bao
9, 11, 1, 2025-12-17 15:09:38.946000, 6d.sql, 263.703, 3368.991, Bao
9, 11, 2, 2025-12-17 15:09:47.217689, 6d.sql, 233.251, 3313.365, Bao
9, 12, 0, 2025-12-17 15:09:47.920804, 1d.sql, 263.217, 82.719, Bao
9, 12, 1, 2025-12-17 15:09:48.607127, 1d.sql, 240.736, 82.724, Bao
9, 12, 2, 2025-12-17 15:09:49.514310, 1d.sql, 227.301, 81.687, Bao
9, 13, 0, 2025-12-17 15:09:50.909449, 15a.sql, 453.673, 361.285, Bao
9, 13, 1, 2025-12-17 15:09:52.326781, 15a.sql, 465.324, 367.171, Bao
9, 13, 2, 2025-12-17 15:09:54.464519, 15a.sql, 446.421, 359.107, Bao
9, 14, 0, 2025-12-17 15:09:55.397736, 5b.sql, 266.26, 304.028, Bao
9, 14, 1, 2025-12-17 15:09:56.331320, 5b.sql, 264.155, 303.934, Bao
9, 14, 2, 2025-12-17 15:09:57.685568, 5b.sql, 227.23, 278.872, Bao
9, 15, 0, 2025-12-17 15:10:00.293293, 31a.sql, 1083.075, 321.521, Bao
9, 15, 1, 2025-12-17 15:10:02.907592, 31a.sql, 1087.797, 324.706, Bao
9, 15, 2, 2025-12-17 15:10:06.851687, 31a.sql, 1049.974, 283.988, Bao
9, 16, 0, 2025-12-17 15:12:11.110293, 29a.sql, 60634.089, 497.98, Bao
9, 16, 1, 2025-12-17 15:14:14.663446, 29a.sql, 60368.705, 470.261, Bao
9, 16, 2, 2025-12-17 15:17:20.927224, 29a.sql, 59497.313, 476.027, Bao
9, 17, 0, 2025-12-17 15:17:22.320741, 9c.sql, 346.568, 548.507, Bao
9, 17, 1, 2025-12-17 15:17:23.795558, 9c.sql, 365.776, 557.858, Bao
9, 17, 2, 2025-12-17 15:17:25.834017, 9c.sql, 321.324, 480.795, Bao
9, 18, 0, 2025-12-17 15:17:27.104208, 2b.sql, 263.422, 585.281, Bao
9, 18, 1, 2025-12-17 15:17:28.327578, 2b.sql, 261.149, 604.131, Bao
9, 18, 2, 2025-12-17 15:17:30.243023, 2b.sql, 226.427, 510.004, Bao
9, 19, 0, 2025-12-17 15:17:31.274428, 10a.sql, 289.966, 329.677, Bao
9, 19, 1, 2025-12-17 15:17:32.289049, 10a.sql, 292.38, 319.759, Bao
9, 19, 2, 2025-12-17 15:17:33.778068, 10a.sql, 266.281, 288.651, Bao
9, 20, 0, 2025-12-17 15:17:34.641521, 4c.sql, 263.096, 223.138, Bao
9, 20, 1, 2025-12-17 15:17:35.504519, 4c.sql, 260.837, 231.187, Bao
9, 20, 2, 2025-12-17 15:17:36.693774, 4c.sql, 225.951, 180.106, Bao
9, 21, 0, 2025-12-17 15:17:40.948523, 18c.sql, 302.033, 3448.483, Bao
9, 21, 1, 2025-12-17 15:17:45.170967, 18c.sql, 300.715, 3438.678, Bao
9, 21, 2, 2025-12-17 15:17:52.853395, 18c.sql, 274.926, 3358.479, Bao
9, 22, 0, 2025-12-17 15:17:54.087190, 2c.sql, 264.281, 546.26, Bao
9, 22, 1, 2025-12-17 15:17:55.274391, 2c.sql, 258.107, 545.928, Bao
9, 22, 2, 2025-12-17 15:17:57.086305, 2c.sql, 228.951, 504.374, Bao
9, 23, 0, 2025-12-17 15:17:58.058783, 8b.sql, 299.763, 257.354, Bao
9, 23, 1, 2025-12-17 15:17:59.016796, 8b.sql, 302.04, 251.864, Bao
9, 23, 2, 2025-12-17 15:18:00.399255, 8b.sql, 267.008, 243.074, Bao
9, 24, 0, 2025-12-17 15:18:01.456548, 14b.sql, 326.849, 289.928, Bao
9, 24, 1, 2025-12-17 15:18:02.505351, 14b.sql, 331.292, 290.721, Bao
9, 24, 2, 2025-12-17 15:18:03.987821, 14b.sql, 290.2, 219.978, Bao
10, 0, 0, 2025-12-17 15:18:31.995816, 13d.sql, 383.029, 13493.048, Bao
10, 0, 1, 2025-12-17 15:18:46.382943, 13d.sql, 391.138, 13504.882, Bao
10, 0, 2, 2025-12-17 15:19:12.609616, 13d.sql, 350.582, 13415.157, Bao
10, 1, 0, 2025-12-17 15:19:14.680858, 13c.sql, 392.948, 1177.84, Bao
10, 1, 1, 2025-12-17 15:19:16.748497, 13c.sql, 390.1, 1181.262, Bao
10, 1, 2, 2025-12-17 15:19:20.094175, 13c.sql, 351.332, 1068.983, Bao
10, 2, 0, 2025-12-17 15:19:24.064524, 26c.sql, 1306.35, 1236.78, Bao
10, 2, 1, 2025-12-17 15:19:28.171964, 26c.sql, 1304.044, 1113.355, Bao
10, 2, 2, 2025-12-17 15:19:34.452745, 26c.sql, 1265.44, 917.026, Bao
10, 3, 0, 2025-12-17 15:19:38.769889, 17f.sql, 304.901, 3513.376, Bao
10, 3, 1, 2025-12-17 15:19:43.035641, 17f.sql, 298.62, 3498.892, Bao
10, 3, 2, 2025-12-17 15:19:50.308935, 17f.sql, 273.172, 3447.776, Bao
10, 4, 0, 2025-12-17 15:20:03.317275, 28c.sql, 5414.984, 1154.484, Bao
10, 4, 1, 2025-12-17 15:20:16.289798, 28c.sql, 5422.345, 1152.148, Bao
10, 4, 2, 2025-12-17 15:20:34.950003, 28c.sql, 5358.545, 1134.591, Bao
10, 5, 0, 2025-12-17 15:20:37.845874, 31c.sql, 1094.567, 449.043, Bao
10, 5, 1, 2025-12-17 15:20:40.710539, 31c.sql, 1076.919, 435.523, Bao
10, 5, 2, 2025-12-17 15:20:44.810495, 31c.sql, 1029.629, 438.262, Bao
10, 6, 0, 2025-12-17 15:20:49.239016, 16c.sql, 340.887, 3516.759, Bao
10, 6, 1, 2025-12-17 15:20:53.669572, 16c.sql, 349.614, 3518.528, Bao
10, 6, 2, 2025-12-17 15:21:01.022919, 16c.sql, 313.165, 3395.272, Bao
10, 7, 0, 2025-12-17 15:23:05.970566, 29c.sql, 61186.688, 683.641, Bao
10, 7, 1, 2025-12-17 15:25:11.379155, 29c.sql, 61662.08, 656.731, Bao
10, 7, 2, 2025-12-17 15:28:16.885158, 29c.sql, 59446.086, 630.346, Bao
10, 8, 0, 2025-12-17 15:28:20.989604, 17e.sql, 345.309, 3307.43, Bao
10, 8, 1, 2025-12-17 15:28:25.115261, 17e.sql, 296.507, 3317.476, Bao
10, 8, 2, 2025-12-17 15:28:32.116795, 17e.sql, 272.159, 3249.295, Bao
10, 9, 0, 2025-12-17 15:28:36.608317, 24a.sql, 1853.917, 637.925, Bao
10, 9, 1, 2025-12-17 15:28:41.097613, 24a.sql, 1860.206, 635.423, Bao
10, 9, 2, 2025-12-17 15:28:47.805223, 24a.sql, 1816.659, 513.821, Bao
10, 10, 0, 2025-12-17 15:28:49.504175, 7a.sql, 338.975, 922.816, Bao
10, 10, 1, 2025-12-17 15:28:51.210777, 7a.sql, 339.1, 918.213, Bao
10, 10, 2, 2025-12-17 15:28:53.633012, 7a.sql, 300.92, 636.604, Bao
10, 11, 0, 2025-12-17 15:28:54.521665, 5c.sql, 263.838, 261.306, Bao
10, 11, 1, 2025-12-17 15:28:55.424726, 5c.sql, 263.65, 261.163, Bao
10, 11, 2, 2025-12-17 15:28:56.725345, 5c.sql, 239.591, 257.40, Bao
10, 12, 0, 2025-12-17 15:28:59.052321, 13a.sql, 383.009, 1444.108, Bao
10, 12, 1, 2025-12-17 15:29:01.369555, 13a.sql, 389.107, 1440.383, Bao
10, 12, 2, 2025-12-17 15:29:05.269685, 13a.sql, 355.904, 1400.503, Bao
10, 13, 0, 2025-12-17 15:29:06.554256, 21c.sql, 482.632, 171.555, Bao
10, 13, 1, 2025-12-17 15:29:07.738535, 21c.sql, 449.863, 170.956, Bao
10, 13, 2, 2025-12-17 15:29:09.492784, 21c.sql, 416.559, 160.50, Bao
10, 14, 0, 2025-12-17 15:29:10.736163, 18a.sql, 296.125, 511.328, Bao
10, 14, 1, 2025-12-17 15:29:11.999738, 18a.sql, 300.55, 552.836, Bao
10, 14, 2, 2025-12-17 15:29:13.978429, 18a.sql, 274.894, 456.347, Bao
10, 15, 0, 2025-12-17 15:29:14.985858, 10a.sql, 298.071, 311.678, Bao
10, 15, 1, 2025-12-17 15:29:15.982182, 10a.sql, 290.268, 315.421, Bao
10, 15, 2, 2025-12-17 15:29:17.466301, 10a.sql, 262.1, 287.175, Bao
10, 16, 0, 2025-12-17 15:29:18.351097, 3a.sql, 247.792, 285.589, Bao
10, 16, 1, 2025-12-17 15:29:19.261845, 3a.sql, 258.69, 295.898, Bao
10, 16, 2, 2025-12-17 15:29:20.476720, 3a.sql, 218.866, 203.344, Bao
10, 17, 0, 2025-12-17 15:31:24.440643, 29c.sql, 60282.196, 643.912, Bao
10, 17, 1, 2025-12-17 15:33:27.860821, 29c.sql, 60018.272, 641.578, Bao
10, 17, 2, 2025-12-17 15:36:34.964757, 29c.sql, 59420.521, 623.242, Bao
10, 18, 0, 2025-12-17 15:36:39.074460, 17e.sql, 311.037, 3338.063, Bao
10, 18, 1, 2025-12-17 15:36:43.172450, 17e.sql, 297.138, 3378.142, Bao
10, 18, 2, 2025-12-17 15:36:50.265736, 17e.sql, 274.264, 3291.387, Bao
10, 19, 0, 2025-12-17 15:36:51.128085, 32b.sql, 271.117, 222.913, Bao
10, 19, 1, 2025-12-17 15:36:51.989960, 32b.sql, 270.02, 224.186, Bao
10, 19, 2, 2025-12-17 15:36:53.201124, 32b.sql, 236.285, 183.508, Bao
10, 20, 0, 2025-12-17 15:36:57.172295, 26c.sql, 1295.357, 1254.399, Bao
10, 20, 1, 2025-12-17 15:37:01.154315, 26c.sql, 1307.991, 1244.44, Bao
10, 20, 2, 2025-12-17 15:37:07.291649, 26c.sql, 1268.158, 1009.784, Bao
10, 21, 0, 2025-12-17 15:37:09.709797, 22a.sql, 840.701, 502.631, Bao
10, 21, 1, 2025-12-17 15:37:12.111946, 22a.sql, 834.321, 495.467, Bao
10, 21, 2, 2025-12-17 15:37:15.725324, 22a.sql, 807.466, 430.484, Bao
10, 22, 0, 2025-12-17 15:37:16.645673, 10b.sql, 295.644, 226.698, Bao
10, 22, 1, 2025-12-17 15:37:17.565673, 10b.sql, 284.02, 224.754, Bao
10, 22, 2, 2025-12-17 15:37:18.867038, 10b.sql, 262.363, 203.635, Bao
10, 23, 0, 2025-12-17 15:37:19.744067, 12b.sql, 341.775, 84.581, Bao
10, 23, 1, 2025-12-17 15:37:20.596179, 12b.sql, 325.71, 85.324, Bao
10, 23, 2, 2025-12-17 15:37:21.763528, 12b.sql, 304.688, 83.015, Bao
10, 24, 0, 2025-12-17 15:37:24.418082, 6d.sql, 251.505, 2049.034, Bao
10, 24, 1, 2025-12-17 15:37:27.160575, 6d.sql, 260.932, 2038.718, Bao
10, 24, 2, 2025-12-17 15:37:31.592352, 6d.sql, 244.946, 1959.54, Bao
11, 0, 0, 2025-12-17 15:37:43.596853, 7a.sql, 340.643, 919.079, Bao
11, 0, 1, 2025-12-17 15:37:45.293129, 7a.sql, 337.877, 912.916, Bao
11, 0, 2, 2025-12-17 15:37:47.906787, 7a.sql, 299.495, 724.879, Bao
11, 1, 0, 2025-12-17 15:37:50.911059, 26b.sql, 1301.404, 277.649, Bao
11, 1, 1, 2025-12-17 15:37:53.904374, 26b.sql, 1294.46, 278.79, Bao
11, 1, 2, 2025-12-17 15:37:58.277671, 26b.sql, 1260.565, 195.315, Bao
11, 2, 0, 2025-12-17 15:37:59.126025, 5b.sql, 267.869, 219.861, Bao
11, 2, 1, 2025-12-17 15:37:59.975676, 5b.sql, 273.88, 220.689, Bao
11, 2, 2, 2025-12-17 15:38:01.182305, 5b.sql, 237.128, 212.464, Bao
11, 3, 0, 2025-12-17 15:38:05.225847, 27c.sql, 1892.173, 108.746, Bao
11, 3, 1, 2025-12-17 15:38:09.664657, 27c.sql, 1910.726, 122.036, Bao
11, 3, 2, 2025-12-17 15:38:15.635267, 27c.sql, 1866.049, 102.495, Bao
11, 4, 0, 2025-12-17 15:38:17.105685, 14c.sql, 322.654, 714.563, Bao
11, 4, 1, 2025-12-17 15:38:18.580002, 14c.sql, 324.875, 713.212, Bao
11, 4, 2, 2025-12-17 15:38:20.820360, 14c.sql, 289.514, 572.665, Bao
11, 5, 0, 2025-12-17 15:38:22.002783, 14a.sql, 327.795, 425.059, Bao
11, 5, 1, 2025-12-17 15:38:23.184226, 14a.sql, 324.826, 420.207, Bao
11, 5, 2, 2025-12-17 15:38:24.890196, 14a.sql, 289.93, 319.589, Bao
11, 6, 0, 2025-12-17 15:38:26.550331, 19a.sql, 618.817, 308.744, Bao
11, 6, 1, 2025-12-17 15:38:28.214502, 19a.sql, 618.722, 308.639, Bao
11, 6, 2, 2025-12-17 15:38:30.679051, 19a.sql, 583.539, 298.363, Bao
11, 7, 0, 2025-12-17 15:38:35.585188, 6f.sql, 255.695, 4299.548, Bao
11, 7, 1, 2025-12-17 15:38:40.500351, 6f.sql, 268.373, 4286.659, Bao
11, 7, 2, 2025-12-17 15:38:47.885721, 6f.sql, 228.591, 3195.747, Bao
11, 8, 0, 2025-12-17 15:38:48.937766, 3c.sql, 254.349, 432.598, Bao
11, 8, 1, 2025-12-17 15:38:49.983065, 3c.sql, 266.396, 430.231, Bao
11, 8, 2, 2025-12-17 15:38:51.505101, 3c.sql, 224.887, 333.603, Bao
11, 9, 0, 2025-12-17 15:38:52.471132, 6b.sql, 264.777, 341.402, Bao
11, 9, 1, 2025-12-17 15:38:53.430692, 6b.sql, 266.668, 338.999, Bao
11, 9, 2, 2025-12-17 15:38:54.814411, 6b.sql, 223.752, 257.829, Bao
11, 10, 0, 2025-12-17 15:38:58.990632, 6f.sql, 267.442, 3483.601, Bao
11, 10, 1, 2025-12-17 15:39:03.895018, 6f.sql, 259.109, 4284.157, Bao
11, 10, 2, 2025-12-17 15:39:12.721324, 6f.sql, 227.152, 3984.453, Bao
11, 11, 0, 2025-12-17 15:39:15.190439, 16c.sql, 347.148, 1671.136, Bao
11, 11, 1, 2025-12-17 15:39:17.655624, 16c.sql, 345.346, 1670.479, Bao
11, 11, 2, 2025-12-17 15:39:21.742392, 16c.sql, 303.092, 1404.827, Bao
11, 12, 0, 2025-12-17 15:39:27.994273, 17d.sql, 299.169, 5461.465, Bao
11, 12, 1, 2025-12-17 15:39:34.412863, 17d.sql, 308.233, 5608.141, Bao
11, 12, 2, 2025-12-17 15:39:44.846327, 17d.sql, 276.667, 5323.396, Bao
11, 13, 0, 2025-12-17 15:39:46.593607, 13b.sql, 379.49, 779.056, Bao
11, 13, 1, 2025-12-17 15:39:48.250181, 13b.sql, 385.011, 767.794, Bao
11, 13, 2, 2025-12-17 15:39:50.879909, 13b.sql, 359.914, 723.316, Bao
11, 14, 0, 2025-12-17 15:39:51.706575, 3b.sql, 253.985, 225.384, Bao
11, 14, 1, 2025-12-17 15:39:52.539260, 3b.sql, 260.298, 224.94, Bao
11, 14, 2, 2025-12-17 15:39:53.677402, 3b.sql, 217.111, 164.927, Bao
11, 15, 0, 2025-12-17 15:39:56.449006, 6d.sql, 265.217, 2047.848, Bao
11, 15, 1, 2025-12-17 15:39:59.127501, 6d.sql, 264.805, 2046.748, Bao
11, 15, 2, 2025-12-17 15:40:03.642121, 6d.sql, 241.765, 1969.759, Bao
11, 16, 0, 2025-12-17 15:40:04.835830, 21a.sql, 457.965, 167.511, Bao
11, 16, 1, 2025-12-17 15:40:06.068382, 21a.sql, 452.838, 162.886, Bao
11, 16, 2, 2025-12-17 15:40:07.738531, 21a.sql, 419.86, 150.889, Bao
11, 17, 0, 2025-12-17 15:42:13.281047, 29b.sql, 61965.483, 403.124, Bao
11, 17, 1, 2025-12-17 15:44:16.820156, 29b.sql, 60340.996, 403.188, Bao
11, 17, 2, 2025-12-17 15:47:25.526753, 29b.sql, 60196.793, 396.238, Bao
11, 18, 0, 2025-12-17 15:47:27.079758, 15a.sql, 473.939, 390.768, Bao
11, 18, 1, 2025-12-17 15:47:28.583792, 15a.sql, 490.667, 378.475, Bao
11, 18, 2, 2025-12-17 15:47:30.727646, 15a.sql, 432.65, 368.968, Bao
11, 19, 0, 2025-12-17 15:47:32.301214, 8a.sql, 298.791, 867.607, Bao
11, 19, 1, 2025-12-17 15:47:33.884926, 8a.sql, 300.395, 868.608, Bao
11, 19, 2, 2025-12-17 15:47:36.452577, 8a.sql, 276.564, 796.482, Bao
11, 20, 0, 2025-12-17 15:47:37.407719, 6b.sql, 265.634, 311.444, Bao
11, 20, 1, 2025-12-17 15:47:38.365013, 6b.sql, 257.836, 302.801, Bao
11, 20, 2, 2025-12-17 15:47:39.727241, 6b.sql, 223.903, 253.451, Bao
11, 21, 0, 2025-12-17 15:47:40.835521, 9b.sql, 354.617, 300.364, Bao
11, 21, 1, 2025-12-17 15:47:41.958867, 9b.sql, 339.197, 316.528, Bao
11, 21, 2, 2025-12-17 15:47:43.698632, 9b.sql, 327.425, 290.552, Bao
11, 22, 0, 2025-12-17 15:47:44.508717, 4b.sql, 262.585, 173.914, Bao
11, 22, 1, 2025-12-17 15:47:45.317966, 4b.sql, 260.404, 170.508, Bao
11, 22, 2, 2025-12-17 15:47:46.401943, 4b.sql, 228.51, 149.395, Bao
11, 23, 0, 2025-12-17 15:47:49.068618, 6d.sql, 264.206, 2040.417, Bao
11, 23, 1, 2025-12-17 15:47:51.743161, 6d.sql, 269.065, 2042.476, Bao
11, 23, 2, 2025-12-17 15:47:56.144909, 6d.sql, 241.282, 1945.973, Bao
11, 24, 0, 2025-12-17 15:48:02.155293, 10c.sql, 292.158, 5278.098, Bao
11, 24, 1, 2025-12-17 15:48:08.211601, 10c.sql, 294.101, 5305.968, Bao
11, 24, 2, 2025-12-17 15:48:18.922705, 10c.sql, 253.123, 5210.011, Bao
12, 0, 0, 2025-12-17 15:48:30.158172, 32b.sql, 273.971, 232.089, Bao
12, 0, 1, 2025-12-17 15:48:31.040411, 32b.sql, 275.934, 235.41, Bao
12, 0, 2, 2025-12-17 15:48:32.249846, 32b.sql, 234.774, 190.382, Bao
12, 1, 0, 2025-12-17 15:48:44.668395, 19d.sql, 614.552, 10884.451, Bao
12, 1, 1, 2025-12-17 15:48:54.943061, 19d.sql, 621.781, 8699.274, Bao
12, 1, 2, 2025-12-17 15:49:13.557075, 19d.sql, 589.804, 8420.03, Bao
12, 2, 0, 2025-12-17 15:49:15.238850, 8a.sql, 304.245, 861.28, Bao
12, 2, 1, 2025-12-17 15:49:16.829961, 8a.sql, 306.041, 857.353, Bao
12, 2, 2, 2025-12-17 15:49:19.531504, 8a.sql, 284.756, 832.58, Bao
12, 3, 0, 2025-12-17 15:49:20.937697, 4a.sql, 264.786, 726.59, Bao
12, 3, 1, 2025-12-17 15:49:22.368242, 4a.sql, 271.128, 726.627, Bao
12, 3, 2, 2025-12-17 15:49:24.548685, 4a.sql, 251.847, 677.761, Bao
12, 4, 0, 2025-12-17 15:49:25.556122, 6b.sql, 273.345, 340.338, Bao
12, 4, 1, 2025-12-17 15:49:26.536097, 6b.sql, 270.337, 338.342, Bao
12, 4, 2, 2025-12-17 15:49:27.951007, 6b.sql, 234.498, 284.911, Bao
12, 5, 0, 2025-12-17 15:49:28.760445, 4b.sql, 264.596, 172.028, Bao
12, 5, 1, 2025-12-17 15:49:29.605374, 4b.sql, 269.081, 181.675, Bao
12, 5, 2, 2025-12-17 15:49:30.722676, 4b.sql, 231.796, 149.465, Bao
12, 6, 0, 2025-12-17 15:49:38.410657, 17f.sql, 307.697, 6918.875, Bao
12, 6, 1, 2025-12-17 15:49:47.016575, 17f.sql, 309.851, 7869.156, Bao
12, 6, 2, 2025-12-17 15:50:02.882932, 17f.sql, 272.644, 7556.585, Bao
12, 7, 0, 2025-12-17 15:50:03.766386, 3b.sql, 269.821, 225.065, Bao
12, 7, 1, 2025-12-17 15:50:04.632033, 3b.sql, 271.697, 226.056, Bao
12, 7, 2, 2025-12-17 15:50:05.805078, 3b.sql, 225.311, 163.377, Bao
12, 8, 0, 2025-12-17 15:50:07.883395, 13c.sql, 403.843, 1169.283, Bao
12, 8, 1, 2025-12-17 15:50:09.972629, 13c.sql, 401.399, 1173.148, Bao
12, 8, 2, 2025-12-17 15:50:13.333044, 13c.sql, 363.208, 1053.618, Bao
12, 9, 0, 2025-12-17 15:50:14.117546, 6c.sql, 279.825, 110.565, Bao
12, 9, 1, 2025-12-17 15:50:14.873513, 6c.sql, 272.0, 99.8, Bao
12, 9, 2, 2025-12-17 15:50:15.897125, 6c.sql, 233.636, 105.876, Bao
12, 10, 0, 2025-12-17 15:50:16.869626, 6b.sql, 272.08, 309.378, Bao
12, 10, 1, 2025-12-17 15:50:17.843554, 6b.sql, 272.144, 307.928, Bao
12, 10, 2, 2025-12-17 15:50:19.293127, 6b.sql, 232.356, 240.044, Bao
12, 11, 0, 2025-12-17 15:50:28.549315, 17a.sql, 307.933, 8472.121, Bao
12, 11, 1, 2025-12-17 15:50:38.279808, 17a.sql, 307.525, 9000.612, Bao
12, 11, 2, 2025-12-17 15:50:56.486144, 17a.sql, 272.491, 8805.709, Bao
12, 12, 0, 2025-12-17 15:50:57.925786, 4c.sql, 271.693, 759.48, Bao
12, 12, 1, 2025-12-17 15:50:59.492348, 4c.sql, 258.681, 839.209, Bao
12, 12, 2, 2025-12-17 15:51:01.715391, 4c.sql, 249.533, 726.963, Bao
12, 13, 0, 2025-12-17 15:51:03.870461, 23a.sql, 844.674, 333.734, Bao
12, 13, 1, 2025-12-17 15:51:06.028690, 23a.sql, 854.047, 331.313, Bao
12, 13, 2, 2025-12-17 15:51:09.201704, 23a.sql, 821.229, 248.187, Bao
12, 14, 0, 2025-12-17 15:51:10.904240, 19a.sql, 634.852, 314.056, Bao
12, 14, 1, 2025-12-17 15:51:12.586446, 19a.sql, 632.78, 296.67, Bao
12, 14, 2, 2025-12-17 15:51:15.096763, 19a.sql, 602.555, 301.326, Bao
12, 15, 0, 2025-12-17 15:51:16.163089, 3c.sql, 260.196, 429.445, Bao
12, 15, 1, 2025-12-17 15:51:17.250810, 3c.sql, 271.876, 441.442, Bao
12, 15, 2, 2025-12-17 15:51:18.794833, 3c.sql, 226.238, 330.036, Bao
12, 16, 0, 2025-12-17 15:51:28.620094, 17a.sql, 308.655, 9089.694, Bao
12, 16, 1, 2025-12-17 15:51:38.444062, 17a.sql, 312.602, 9086.829, Bao
12, 16, 2, 2025-12-17 15:51:56.844825, 17a.sql, 273.482, 8885.124, Bao
12, 17, 0, 2025-12-17 15:52:05.907803, 10c.sql, 308.228, 8226.863, Bao
12, 17, 1, 2025-12-17 15:52:14.875809, 10c.sql, 305.065, 8143.759, Bao
12, 17, 2, 2025-12-17 15:52:31.771177, 10c.sql, 265.673, 7897.722, Bao
12, 18, 0, 2025-12-17 15:52:32.933704, 16a.sql, 357.637, 338.846, Bao
12, 18, 1, 2025-12-17 15:52:34.099459, 16a.sql, 359.251, 338.209, Bao
12, 18, 2, 2025-12-17 15:52:35.735295, 16a.sql, 314.109, 240.276, Bao
12, 19, 0, 2025-12-17 15:52:46.000074, 19d.sql, 626.095, 8671.434, Bao
12, 19, 1, 2025-12-17 15:52:55.982789, 19d.sql, 623.285, 8598.069, Bao
12, 19, 2, 2025-12-17 15:53:14.340925, 19d.sql, 585.626, 8408.989, Bao
12, 20, 0, 2025-12-17 15:53:15.341604, 6b.sql, 276.821, 343.599, Bao
12, 20, 1, 2025-12-17 15:53:16.335982, 6b.sql, 276.514, 338.098, Bao
12, 20, 2, 2025-12-17 15:53:17.753106, 6b.sql, 238.908, 255.209, Bao
12, 21, 0, 2025-12-17 15:53:18.889092, 9a.sql, 359.546, 304.633, Bao
12, 21, 1, 2025-12-17 15:53:20.032338, 9a.sql, 361.303, 314.711, Bao
12, 21, 2, 2025-12-17 15:53:21.848284, 9a.sql, 335.231, 298.941, Bao
12, 22, 0, 2025-12-17 15:53:23.151883, 18a.sql, 311.834, 502.916, Bao
12, 22, 1, 2025-12-17 15:53:24.476432, 18a.sql, 309.428, 521.519, Bao
12, 22, 2, 2025-12-17 15:53:26.402265, 18a.sql, 285.809, 449.699, Bao
12, 23, 0, 2025-12-17 15:53:27.681027, 2a.sql, 270.957, 587.467, Bao
12, 23, 1, 2025-12-17 15:53:28.951055, 2a.sql, 271.421, 578.251, Bao
12, 23, 2, 2025-12-17 15:53:30.859164, 2a.sql, 233.658, 525.368, Bao
12, 24, 0, 2025-12-17 15:53:32.098994, 21a.sql, 493.058, 166.805, Bao
12, 24, 1, 2025-12-17 15:53:33.320502, 21a.sql, 469.461, 172.385, Bao
12, 24, 2, 2025-12-17 15:53:35.209669, 21a.sql, 450.002, 160.863, Bao
13, 0, 0, 2025-12-17 15:53:47.960434, 9b.sql, 358.539, 302.344, Bao
13, 0, 1, 2025-12-17 15:53:49.163829, 9b.sql, 356.796, 305.256, Bao
13, 0, 2, 2025-12-17 15:53:50.864500, 9b.sql, 333.377, 303.821, Bao
13, 1, 0, 2025-12-17 15:53:55.283844, 26a.sql, 1311.805, 1429.801, Bao
13, 1, 1, 2025-12-17 15:53:59.685841, 26a.sql, 1316.47, 1413.786, Bao
13, 1, 2, 2025-12-17 15:54:06.247315, 26a.sql, 1269.267, 1241.339, Bao
13, 2, 0, 2025-12-17 15:54:07.252238, 8b.sql, 313.3, 251.777, Bao
13, 2, 1, 2025-12-17 15:54:08.239081, 8b.sql, 297.542, 251.523, Bao
13, 2, 2, 2025-12-17 15:54:09.642101, 8b.sql, 275.7, 246.314, Bao
13, 3, 0, 2025-12-17 15:54:15.608569, 13d.sql, 419.996, 4905.651, Bao
13, 3, 1, 2025-12-17 15:54:21.538630, 13d.sql, 400.441, 4889.219, Bao
13, 3, 2, 2025-12-17 15:54:31.592158, 13d.sql, 363.685, 4771.613, Bao
13, 4, 0, 2025-12-17 15:54:32.830232, 9a.sql, 356.619, 300.834, Bao
13, 4, 1, 2025-12-17 15:54:34.016469, 9a.sql, 354.391, 300.122, Bao
13, 4, 2, 2025-12-17 15:54:35.692807, 9a.sql, 329.122, 295.707, Bao
13, 5, 0, 2025-12-17 15:54:37.782147, 15d.sql, 461.269, 976.926, Bao
13, 5, 1, 2025-12-17 15:54:39.887963, 15d.sql, 478.75, 960.849, Bao
13, 5, 2, 2025-12-17 15:54:43.240598, 15d.sql, 437.771, 876.325, Bao
13, 6, 0, 2025-12-17 15:54:46.654268, 8d.sql, 308.55, 2585.244, Bao
13, 6, 1, 2025-12-17 15:54:50.062405, 8d.sql, 305.147, 2582.899, Bao
13, 6, 2, 2025-12-17 15:54:55.869635, 8d.sql, 287.264, 2515.446, Bao
13, 7, 0, 2025-12-17 15:55:02.276963, 17e.sql, 315.432, 5662.489, Bao
13, 7, 1, 2025-12-17 15:55:08.712820, 17e.sql, 316.148, 5696.594, Bao
13, 7, 2, 2025-12-17 15:55:20.366571, 17e.sql, 286.856, 5523.48, Bao
13, 8, 0, 2025-12-17 15:55:21.606595, 13c.sql, 398.311, 257.515, Bao
13, 8, 1, 2025-12-17 15:55:22.777882, 13c.sql, 398.406, 259.085, Bao
13, 8, 2, 2025-12-17 15:55:24.474249, 13c.sql, 367.075, 248.92, Bao
13, 9, 0, 2025-12-17 15:55:26.771432, 22b.sql, 842.117, 340.912, Bao
13, 9, 1, 2025-12-17 15:55:29.050316, 22b.sql, 840.675, 338.231, Bao
13, 9, 2, 2025-12-17 15:55:32.286942, 22b.sql, 815.753, 294.468, Bao
13, 10, 0, 2025-12-17 15:55:33.070167, 32a.sql, 287.358, 100.408, Bao
13, 10, 1, 2025-12-17 15:55:33.848712, 32a.sql, 280.949, 102.83, Bao
13, 10, 2, 2025-12-17 15:55:34.883145, 32a.sql, 244.564, 93.665, Bao
13, 11, 0, 2025-12-17 15:55:36.484618, 19b.sql, 620.822, 234.639, Bao
13, 11, 1, 2025-12-17 15:55:38.094183, 19b.sql, 625.589, 235.841, Bao
13, 11, 2, 2025-12-17 15:55:40.482214, 19b.sql, 605.221, 234.509, Bao
13, 12, 0, 2025-12-17 15:55:52.729589, 28c.sql, 5427.829, 1220.061, Bao
13, 12, 1, 2025-12-17 15:56:05.801472, 28c.sql, 5425.947, 1160.31, Bao
13, 12, 2, 2025-12-17 15:56:24.614477, 28c.sql, 5408.632, 1165.098, Bao
13, 13, 0, 2025-12-17 15:56:28.714096, 25a.sql, 454.082, 3021.278, Bao
13, 13, 1, 2025-12-17 15:56:32.709282, 25a.sql, 445.076, 2983.6, Bao
13, 13, 2, 2025-12-17 15:56:39.965644, 25a.sql, 421.814, 2877.425, Bao
13, 14, 0, 2025-12-17 15:56:42.923242, 20b.sql, 502.525, 1830.586, Bao
13, 14, 1, 2025-12-17 15:56:45.884196, 20b.sql, 500.13, 1847.244, Bao
13, 14, 2, 2025-12-17 15:56:50.854745, 20b.sql, 467.278, 1625.137, Bao
13, 15, 0, 2025-12-17 15:56:54.936054, 27c.sql, 1913.311, 107.04, Bao
13, 15, 1, 2025-12-17 15:56:59.366720, 27c.sql, 1909.096, 109.945, Bao
13, 15, 2, 2025-12-17 15:57:05.451087, 27c.sql, 1871.285, 119.109, Bao
13, 16, 0, 2025-12-17 15:57:10.784894, 17d.sql, 312.846, 4615.622, Bao
13, 16, 1, 2025-12-17 15:57:15.899604, 17d.sql, 291.372, 4400.608, Bao
13, 16, 2, 2025-12-17 15:57:25.228891, 17d.sql, 258.324, 4207.475, Bao
13, 17, 0, 2025-12-17 15:57:27.747543, 31b.sql, 1078.016, 230.615, Bao
13, 17, 1, 2025-12-17 15:57:30.267540, 31b.sql, 1078.385, 232.97, Bao
13, 17, 2, 2025-12-17 15:57:33.987980, 31b.sql, 1046.061, 224.868, Bao
13, 18, 0, 2025-12-17 15:57:34.988062, 10a.sql, 281.674, 304.339, Bao
13, 18, 1, 2025-12-17 15:57:35.972102, 10a.sql, 284.432, 303.183, Bao
13, 18, 2, 2025-12-17 15:57:37.407186, 10a.sql, 263.013, 279.276, Bao
13, 19, 0, 2025-12-17 15:57:42.647371, 7c.sql, 325.233, 4457.466, Bao
13, 19, 1, 2025-12-17 15:57:47.877039, 7c.sql, 327.084, 4444.111, Bao
13, 19, 2, 2025-12-17 15:57:57.222410, 7c.sql, 296.073, 4317.812, Bao
13, 20, 0, 2025-12-17 15:58:01.382777, 26a.sql, 1294.798, 1437.873, Bao
13, 20, 1, 2025-12-17 15:58:05.555786, 26a.sql, 1291.19, 1437.401, Bao
13, 20, 2, 2025-12-17 15:58:12.149585, 26a.sql, 1272.405, 1267.91, Bao
13, 21, 0, 2025-12-17 15:58:15.065880, 31c.sql, 1082.845, 435.752, Bao
13, 21, 1, 2025-12-17 15:58:17.986142, 31c.sql, 1086.822, 436.311, Bao
13, 21, 2, 2025-12-17 15:58:22.113208, 31c.sql, 1051.409, 389.487, Bao
13, 22, 0, 2025-12-17 15:58:23.013583, 32b.sql, 285.072, 227.644, Bao
13, 22, 1, 2025-12-17 15:58:23.904189, 32b.sql, 281.204, 227.33, Bao
13, 22, 2, 2025-12-17 15:58:25.137805, 32b.sql, 240.888, 181.16, Bao
13, 23, 0, 2025-12-17 15:58:26.560152, 2d.sql, 269.339, 768.032, Bao
13, 23, 1, 2025-12-17 15:58:27.979911, 2d.sql, 273.228, 766.034, Bao
13, 23, 2, 2025-12-17 15:58:30.150898, 2d.sql, 238.688, 642.80, Bao
13, 24, 0, 2025-12-17 15:58:30.887956, 1d.sql, 274.183, 82.566, Bao
13, 24, 1, 2025-12-17 15:58:31.595494, 1d.sql, 249.628, 83.326, Bao
13, 24, 2, 2025-12-17 15:58:32.554538, 1d.sql, 232.356, 81.90, Bao
14, 0, 0, 2025-12-17 15:58:51.220355, 12a.sql, 350.851, 297.926, Bao
14, 0, 1, 2025-12-17 15:58:52.304813, 12a.sql, 341.385, 295.641, Bao
14, 0, 2, 2025-12-17 15:58:53.927192, 12a.sql, 320.753, 281.529, Bao
14, 1, 0, 2025-12-17 15:58:55.348171, 2d.sql, 271.708, 763.831, Bao
14, 1, 1, 2025-12-17 15:58:56.772237, 2d.sql, 272.161, 762.38, Bao
14, 1, 2, 2025-12-17 15:58:59.022450, 2d.sql, 234.159, 647.765, Bao
14, 2, 0, 2025-12-17 15:59:05.100474, 19d.sql, 621.765, 4500.87, Bao
14, 2, 1, 2025-12-17 15:59:10.969271, 19d.sql, 627.914, 4476.558, Bao
14, 2, 2, 2025-12-17 15:59:21.455601, 19d.sql, 577.699, 4336.147, Bao
14, 3, 0, 2025-12-17 15:59:23.203515, 19b.sql, 628.772, 239.661, Bao
14, 3, 1, 2025-12-17 15:59:24.824702, 19b.sql, 633.205, 237.793, Bao
14, 3, 2, 2025-12-17 15:59:27.212661, 19b.sql, 585.777, 237.347, Bao
14, 4, 0, 2025-12-17 15:59:28.132945, 5c.sql, 273.236, 261.664, Bao
14, 4, 1, 2025-12-17 15:59:29.029000, 5c.sql, 253.056, 260.906, Bao
14, 4, 2, 2025-12-17 15:59:30.447430, 5c.sql, 245.18, 257.479, Bao
14, 5, 0, 2025-12-17 15:59:33.343907, 31c.sql, 1083.179, 453.768, Bao
14, 5, 1, 2025-12-17 15:59:36.294029, 31c.sql, 1088.802, 439.502, Bao
14, 5, 2, 2025-12-17 15:59:40.475166, 31c.sql, 1055.031, 448.281, Bao
14, 6, 0, 2025-12-17 15:59:48.762550, 18c.sql, 301.939, 7513.622, Bao
14, 6, 1, 2025-12-17 15:59:58.145501, 18c.sql, 306.223, 8650.366, Bao
14, 6, 2, 2025-12-17 16:00:15.776590, 18c.sql, 274.957, 8262.549, Bao
14, 7, 0, 2025-12-17 16:00:17.444491, 19a.sql, 620.423, 303.219, Bao
14, 7, 1, 2025-12-17 16:00:19.123037, 19a.sql, 616.571, 306.614, Bao
14, 7, 2, 2025-12-17 16:00:21.633333, 19a.sql, 598.3, 295.479, Bao
14, 8, 0, 2025-12-17 16:00:22.846426, 21b.sql, 462.525, 169.342, Bao
14, 8, 1, 2025-12-17 16:00:24.058963, 21b.sql, 462.743, 166.821, Bao
14, 8, 2, 2025-12-17 16:00:25.765869, 21b.sql, 423.754, 149.506, Bao
14, 9, 0, 2025-12-17 16:00:26.977156, 21a.sql, 462.696, 169.091, Bao
14, 9, 1, 2025-12-17 16:00:28.295173, 21a.sql, 465.287, 172.854, Bao
14, 9, 2, 2025-12-17 16:00:30.016821, 21a.sql, 425.487, 161.703, Bao
14, 10, 0, 2025-12-17 16:00:39.346204, 18c.sql, 309.093, 8602.611, Bao
14, 10, 1, 2025-12-17 16:00:48.675351, 18c.sql, 308.603, 8599.944, Bao
14, 10, 2, 2025-12-17 16:01:06.313263, 18c.sql, 267.44, 8272.741, Bao
14, 11, 0, 2025-12-17 16:01:07.500512, 14a.sql, 351.296, 387.514, Bao
14, 11, 1, 2025-12-17 16:01:08.707560, 14a.sql, 332.311, 376.432, Bao
14, 11, 2, 2025-12-17 16:01:10.347485, 14a.sql, 294.76, 288.404, Bao
14, 12, 0, 2025-12-17 16:01:11.555783, 21c.sql, 460.799, 169.626, Bao
14, 12, 1, 2025-12-17 16:01:12.829169, 21c.sql, 461.367, 172.258, Bao
14, 12, 2, 2025-12-17 16:01:14.538751, 21c.sql, 425.24, 154.206, Bao
14, 13, 0, 2025-12-17 16:01:15.528871, 8b.sql, 314.327, 253.857, Bao
14, 13, 1, 2025-12-17 16:01:16.509457, 8b.sql, 297.291, 253.655, Bao
14, 13, 2, 2025-12-17 16:01:17.934282, 8b.sql, 276.134, 245.261, Bao
14, 14, 0, 2025-12-17 16:01:24.475950, 30a.sql, 1776.135, 2839.569, Bao
14, 14, 1, 2025-12-17 16:01:30.932860, 30a.sql, 1784.739, 2439.501, Bao
14, 14, 2, 2025-12-17 16:01:40.714444, 30a.sql, 1733.529, 2110.162, Bao
14, 15, 0, 2025-12-17 16:01:42.427332, 7a.sql, 349.424, 884.176, Bao
14, 15, 1, 2025-12-17 16:01:44.152817, 7a.sql, 343.01, 916.90, Bao
14, 15, 2, 2025-12-17 16:01:46.782663, 7a.sql, 308.918, 708.327, Bao
14, 16, 0, 2025-12-17 16:03:49.749926, 29a.sql, 60177.406, 489.825, Bao
14, 16, 1, 2025-12-17 16:05:53.386843, 29a.sql, 60905.532, 481.616, Bao
14, 16, 2, 2025-12-17 16:08:57.286524, 29a.sql, 59450.966, 465.001, Bao
14, 17, 0, 2025-12-17 16:08:59.114141, 19a.sql, 657.883, 305.833, Bao
14, 17, 1, 2025-12-17 16:09:00.811632, 19a.sql, 630.289, 321.614, Bao
14, 17, 2, 2025-12-17 16:09:03.438163, 19a.sql, 593.564, 292.93, Bao
14, 18, 0, 2025-12-17 16:09:06.459995, 26b.sql, 1305.173, 276.947, Bao
14, 18, 1, 2025-12-17 16:09:09.714984, 26b.sql, 1308.342, 244.932, Bao
14, 18, 2, 2025-12-17 16:09:14.148087, 26b.sql, 1272.914, 208.40, Bao
14, 19, 0, 2025-12-17 16:09:15.183580, 10a.sql, 301.639, 321.325, Bao
14, 19, 1, 2025-12-17 16:09:16.193430, 10a.sql, 303.121, 314.304, Bao
14, 19, 2, 2025-12-17 16:09:17.794012, 10a.sql, 257.824, 299.928, Bao
14, 20, 0, 2025-12-17 16:09:18.847380, 18b.sql, 304.993, 316.613, Bao
14, 20, 1, 2025-12-17 16:09:19.910079, 18b.sql, 313.319, 313.114, Bao
14, 20, 2, 2025-12-17 16:09:21.467371, 18b.sql, 284.325, 289.5, Bao
14, 21, 0, 2025-12-17 16:09:23.804514, 22a.sql, 830.225, 543.676, Bao
14, 21, 1, 2025-12-17 16:09:26.253542, 22a.sql, 828.914, 494.279, Bao
14, 21, 2, 2025-12-17 16:09:29.952115, 22a.sql, 812.189, 456.752, Bao
14, 22, 0, 2025-12-17 16:09:34.045086, 27c.sql, 1919.711, 107.187, Bao
14, 22, 1, 2025-12-17 16:09:38.114396, 27c.sql, 1907.726, 120.155, Bao
14, 22, 2, 2025-12-17 16:09:44.121824, 27c.sql, 1871.308, 116.647, Bao
14, 23, 0, 2025-12-17 16:09:45.386433, 2b.sql, 270.843, 575.326, Bao
14, 23, 1, 2025-12-17 16:09:46.687865, 2b.sql, 266.759, 572.722, Bao
14, 23, 2, 2025-12-17 16:09:48.584064, 2b.sql, 228.664, 516.071, Bao
14, 24, 0, 2025-12-17 16:09:50.741354, 23a.sql, 848.799, 332.704, Bao
14, 24, 1, 2025-12-17 16:09:52.853466, 23a.sql, 839.39, 303.203, Bao
14, 24, 2, 2025-12-17 16:09:55.985456, 23a.sql, 814.55, 228.863, Bao
15, 0, 0, 2025-12-17 16:10:12.351799, 22b.sql, 838.415, 382.662, Bao
15, 0, 1, 2025-12-17 16:10:14.632694, 22b.sql, 840.61, 343.543, Bao
15, 0, 2, 2025-12-17 16:10:17.767299, 22b.sql, 810.528, 256.167, Bao
15, 1, 0, 2025-12-17 16:10:19.963338, 16d.sql, 353.765, 1384.846, Bao
15, 1, 1, 2025-12-17 16:10:22.114784, 16d.sql, 350.411, 1278.024, Bao
15, 1, 2, 2025-12-17 16:10:25.695288, 16d.sql, 318.159, 1127.241, Bao
15, 2, 0, 2025-12-17 16:10:27.678037, 23b.sql, 844.869, 164.785, Bao
15, 2, 1, 2025-12-17 16:10:29.661172, 23b.sql, 846.652, 160.577, Bao
15, 2, 2, 2025-12-17 16:10:32.502642, 23b.sql, 811.51, 134.037, Bao
15, 3, 0, 2025-12-17 16:10:36.100382, 6f.sql, 275.214, 2864.885, Bao
15, 3, 1, 2025-12-17 16:10:39.654061, 6f.sql, 273.343, 2893.463, Bao
15, 3, 2, 2025-12-17 16:10:45.889393, 6f.sql, 252.276, 2813.814, Bao
15, 4, 0, 2025-12-17 16:10:46.966443, 3c.sql, 268.279, 432.703, Bao
15, 4, 1, 2025-12-17 16:10:48.063867, 3c.sql, 271.347, 394.622, Bao
15, 4, 2, 2025-12-17 16:10:49.528390, 3c.sql, 227.792, 289.714, Bao
15, 5, 0, 2025-12-17 16:10:51.498812, 15c.sql, 472.271, 804.981, Bao
15, 5, 1, 2025-12-17 16:10:53.417055, 15c.sql, 477.466, 840.645, Bao
15, 5, 2, 2025-12-17 16:10:56.382138, 15c.sql, 438.165, 681.705, Bao
15, 6, 0, 2025-12-17 16:10:57.946864, 12c.sql, 350.823, 756.629, Bao
15, 6, 1, 2025-12-17 16:10:59.527840, 12c.sql, 354.139, 762.679, Bao
15, 6, 2, 2025-12-17 16:11:02.061644, 12c.sql, 321.695, 719.526, Bao
15, 7, 0, 2025-12-17 16:11:03.543334, 25b.sql, 455.03, 390.082, Bao
15, 7, 1, 2025-12-17 16:11:04.994938, 25b.sql, 449.101, 430.789, Bao
15, 7, 2, 2025-12-17 16:11:07.112113, 25b.sql, 412.823, 343.999, Bao
15, 8, 0, 2025-12-17 16:13:10.886981, 29c.sql, 60838.86, 645.652, Bao
15, 8, 1, 2025-12-17 16:15:14.668561, 29c.sql, 60911.56, 648.108, Bao
15, 8, 2, 2025-12-17 16:18:18.775967, 29c.sql, 59439.514, 618.931, Bao
15, 9, 0, 2025-12-17 16:18:33.194300, 19d.sql, 654.686, 12933.199, Bao
15, 9, 1, 2025-12-17 16:18:47.968093, 19d.sql, 621.978, 13402.102, Bao
15, 9, 2, 2025-12-17 16:19:14.571664, 19d.sql, 587.234, 12546.609, Bao
15, 10, 0, 2025-12-17 16:19:15.461114, 4c.sql, 279.727, 232.914, Bao
15, 10, 1, 2025-12-17 16:19:16.330387, 4c.sql, 267.923, 221.58, Bao
15, 10, 2, 2025-12-17 16:19:17.524852, 4c.sql, 225.366, 178.832, Bao
15, 11, 0, 2025-12-17 16:19:31.309085, 33a.sql, 6527.751, 108.002, Bao
15, 11, 1, 2025-12-17 16:19:44.579259, 33a.sql, 6515.569, 99.448, Bao
15, 11, 2, 2025-12-17 16:20:04.328709, 33a.sql, 6457.199, 91.919, Bao
15, 12, 0, 2025-12-17 16:20:11.274339, 30a.sql, 1799.832, 3206.237, Bao
15, 12, 1, 2025-12-17 16:20:18.170304, 30a.sql, 1789.847, 3179.508, Bao
15, 12, 2, 2025-12-17 16:20:29.607939, 30a.sql, 1751.519, 2899.701, Bao
15, 13, 0, 2025-12-17 16:20:32.704236, 17a.sql, 309.615, 2368.547, Bao
15, 13, 1, 2025-12-17 16:20:35.832900, 17a.sql, 316.565, 2386.513, Bao
15, 13, 2, 2025-12-17 16:20:41.197936, 17a.sql, 285.41, 2310.633, Bao
15, 14, 0, 2025-12-17 16:20:58.909580, 16b.sql, 354.886, 16890.633, Bao
15, 14, 1, 2025-12-17 16:21:15.165099, 16b.sql, 349.604, 15356.643, Bao
15, 14, 2, 2025-12-17 16:21:48.626844, 16b.sql, 317.099, 16779.954, Bao
15, 15, 0, 2025-12-17 16:21:55.035241, 10c.sql, 310.04, 5622.112, Bao
15, 15, 1, 2025-12-17 16:22:01.378626, 10c.sql, 309.762, 5617.64, Bao
15, 15, 2, 2025-12-17 16:22:13.438515, 10c.sql, 277.023, 5520.905, Bao
15, 16, 0, 2025-12-17 16:22:19.586199, 17c.sql, 310.86, 5397.736, Bao
15, 16, 1, 2025-12-17 16:22:24.660740, 17c.sql, 311.246, 4309.308, Bao
15, 16, 2, 2025-12-17 16:22:35.920915, 17c.sql, 272.61, 5148.496, Bao
15, 17, 0, 2025-12-17 16:22:37.912299, 23b.sql, 849.113, 156.011, Bao
15, 17, 1, 2025-12-17 16:22:40.008075, 23b.sql, 846.447, 160.231, Bao
15, 17, 2, 2025-12-17 16:22:42.835774, 23b.sql, 811.787, 140.346, Bao
15, 18, 0, 2025-12-17 16:22:43.612126, 6a.sql, 268.757, 120.043, Bao
15, 18, 1, 2025-12-17 16:22:44.384979, 6a.sql, 273.481, 120.866, Bao
15, 18, 2, 2025-12-17 16:22:45.417943, 6a.sql, 237.669, 102.652, Bao
15, 19, 0, 2025-12-17 16:22:46.307448, 12b.sql, 352.397, 83.757, Bao
15, 19, 1, 2025-12-17 16:22:47.182721, 12b.sql, 338.456, 83.652, Bao
15, 19, 2, 2025-12-17 16:22:48.376691, 12b.sql, 314.37, 82.11, Bao
15, 20, 0, 2025-12-17 16:22:49.576763, 21b.sql, 460.012, 166.282, Bao
15, 20, 1, 2025-12-17 16:22:50.899781, 21b.sql, 462.723, 168.612, Bao
15, 20, 2, 2025-12-17 16:22:52.610773, 21b.sql, 429.363, 153.703, Bao
15, 21, 0, 2025-12-17 16:24:56.454509, 29c.sql, 60872.441, 647.099, Bao
15, 21, 1, 2025-12-17 16:27:00.279939, 29c.sql, 60946.71, 655.844, Bao
15, 21, 2, 2025-12-17 16:30:07.697923, 29c.sql, 59471.721, 623.99, Bao
15, 22, 0, 2025-12-17 16:30:08.838794, 16a.sql, 347.87, 335.99, Bao
15, 22, 1, 2025-12-17 16:30:09.995237, 16a.sql, 357.709, 338.955, Bao
15, 22, 2, 2025-12-17 16:30:11.629644, 16a.sql, 315.24, 239.091, Bao
15, 23, 0, 2025-12-17 16:30:17.756784, 30c.sql, 1774.989, 2113.126, Bao
15, 23, 1, 2025-12-17 16:30:23.999359, 30c.sql, 1772.105, 2499.373, Bao
15, 23, 2, 2025-12-17 16:30:34.063979, 30c.sql, 1734.175, 2213.069, Bao
15, 24, 0, 2025-12-17 16:30:38.570048, 24a.sql, 1863.704, 635.099, Bao
15, 24, 1, 2025-12-17 16:30:43.083750, 24a.sql, 1881.964, 632.484, Bao
15, 24, 2, 2025-12-17 16:30:49.837188, 24a.sql, 1833.776, 512.885, Bao
16, 0, 0, 2025-12-17 16:31:18.687927, 17c.sql, 313.709, 6057.504, Bao
16, 0, 1, 2025-12-17 16:31:25.462946, 17c.sql, 315.886, 6030.883, Bao
16, 0, 2, 2025-12-17 16:31:38.071810, 17c.sql, 277.393, 5829.329, Bao
16, 1, 0, 2025-12-17 16:31:39.416976, 2c.sql, 273.579, 684.541, Bao
16, 1, 1, 2025-12-17 16:31:40.745992, 2c.sql, 276.351, 682.729, Bao
16, 1, 2, 2025-12-17 16:31:42.808621, 2c.sql, 234.807, 623.299, Bao
16, 2, 0, 2025-12-17 16:31:43.852030, 10a.sql, 301.831, 315.992, Bao
16, 2, 1, 2025-12-17 16:31:44.874127, 10a.sql, 297.103, 313.284, Bao
16, 2, 2, 2025-12-17 16:31:46.396388, 10a.sql, 275.122, 286.424, Bao
16, 3, 0, 2025-12-17 16:31:59.732425, 33a.sql, 6552.051, 99.507, Bao
16, 3, 1, 2025-12-17 16:32:13.003243, 33a.sql, 6532.441, 97.122, Bao
16, 3, 2, 2025-12-17 16:32:32.833407, 33a.sql, 6423.587, 99.322, Bao
16, 4, 0, 2025-12-17 16:32:33.764992, 3a.sql, 268.936, 289.547, Bao
16, 4, 1, 2025-12-17 16:32:34.709826, 3a.sql, 265.422, 288.067, Bao
16, 4, 2, 2025-12-17 16:32:36.000640, 3a.sql, 231.558, 210.957, Bao
16, 5, 0, 2025-12-17 16:32:37.178914, 13c.sql, 397.024, 259.415, Bao
16, 5, 1, 2025-12-17 16:32:38.359575, 13c.sql, 398.493, 260.357, Bao
16, 5, 2, 2025-12-17 16:32:40.063477, 13c.sql, 366.336, 255.001, Bao
16, 6, 0, 2025-12-17 16:32:42.490781, 22a.sql, 832.493, 497.096, Bao
16, 6, 1, 2025-12-17 16:32:44.868045, 22a.sql, 849.096, 551.399, Bao
16, 6, 2, 2025-12-17 16:32:48.430793, 22a.sql, 813.172, 454.133, Bao
16, 7, 0, 2025-12-17 16:32:50.354164, 15c.sql, 473.889, 858.452, Bao
16, 7, 1, 2025-12-17 16:32:52.281994, 15c.sql, 474.848, 851.945, Bao
16, 7, 2, 2025-12-17 16:32:55.266946, 15c.sql, 448.11, 685.689, Bao
16, 8, 0, 2025-12-17 16:32:57.638596, 8d.sql, 306.938, 1631.754, Bao
16, 8, 1, 2025-12-17 16:33:00.086181, 8d.sql, 308.824, 1621.844, Bao
16, 8, 2, 2025-12-17 16:33:04.094357, 8d.sql, 273.153, 1612.907, Bao
16, 9, 0, 2025-12-17 16:33:05.551297, 25b.sql, 450.494, 435.442, Bao
16, 9, 1, 2025-12-17 16:33:07.012951, 25b.sql, 452.732, 434.701, Bao
16, 9, 2, 2025-12-17 16:33:09.145000, 25b.sql, 415.96, 344.53, Bao
16, 10, 0, 2025-12-17 16:33:10.207054, 11c.sql, 348.342, 260.394, Bao
16, 10, 1, 2025-12-17 16:33:11.266084, 11c.sql, 345.99, 259.211, Bao
16, 10, 2, 2025-12-17 16:33:12.788909, 11c.sql, 304.484, 252.904, Bao
16, 11, 0, 2025-12-17 16:33:19.131192, 17d.sql, 308.24, 5604.978, Bao
16, 11, 1, 2025-12-17 16:33:25.459380, 17d.sql, 318.122, 5592.348, Bao
16, 11, 2, 2025-12-17 16:33:36.952860, 17d.sql, 272.618, 5253.824, Bao
16, 12, 0, 2025-12-17 16:33:37.914818, 5c.sql, 280.133, 252.686, Bao
16, 12, 1, 2025-12-17 16:33:38.838742, 5c.sql, 274.437, 260.768, Bao
16, 12, 2, 2025-12-17 16:33:40.177661, 5c.sql, 251.042, 254.661, Bao
16, 13, 0, 2025-12-17 16:33:43.023894, 22d.sql, 839.36, 895.566, Bao
16, 13, 1, 2025-12-17 16:33:45.857324, 22d.sql, 848.149, 1000.537, Bao
16, 13, 2, 2025-12-17 16:33:50.483938, 22d.sql, 816.146, 796.081, Bao
16, 14, 0, 2025-12-17 16:33:51.351446, 4a.sql, 272.972, 219.815, Bao
16, 14, 1, 2025-12-17 16:33:52.212241, 4a.sql, 269.883, 218.454, Bao
16, 14, 2, 2025-12-17 16:33:53.406562, 4a.sql, 231.982, 170.897, Bao
16, 15, 0, 2025-12-17 16:33:54.834969, 2d.sql, 275.1, 769.078, Bao
16, 15, 1, 2025-12-17 16:33:56.266282, 2d.sql, 274.077, 764.483, Bao
16, 15, 2, 2025-12-17 16:33:58.449395, 2d.sql, 235.184, 639.69, Bao
16, 16, 0, 2025-12-17 16:33:59.930476, 9c.sql, 359.541, 542.849, Bao
16, 16, 1, 2025-12-17 16:34:01.312998, 9c.sql, 356.676, 558.315, Bao
16, 16, 2, 2025-12-17 16:34:03.515503, 9c.sql, 331.693, 489.836, Bao
16, 17, 0, 2025-12-17 16:34:15.180850, 28b.sql, 5480.627, 534.03, Bao
16, 17, 1, 2025-12-17 16:34:26.878046, 28b.sql, 5487.508, 560.48, Bao
16, 17, 2, 2025-12-17 16:34:44.186984, 28b.sql, 5361.001, 463.697, Bao
16, 18, 0, 2025-12-17 16:34:48.215812, 8c.sql, 309.82, 3285.723, Bao
16, 18, 1, 2025-12-17 16:34:52.321802, 8c.sql, 309.774, 3265.2, Bao
16, 18, 2, 2025-12-17 16:34:59.091368, 8c.sql, 273.097, 3093.955, Bao
16, 19, 0, 2025-12-17 16:34:59.887073, 6e.sql, 277.851, 125.022, Bao
16, 19, 1, 2025-12-17 16:35:00.671584, 6e.sql, 270.518, 126.313, Bao
16, 19, 2, 2025-12-17 16:35:01.708170, 6e.sql, 237.042, 102.403, Bao
16, 20, 0, 2025-12-17 16:37:05.211777, 29a.sql, 61125.891, 472.474, Bao
16, 20, 1, 2025-12-17 16:39:10.700718, 29a.sql, 59641.234, 470.846, Bao
16, 20, 2, 2025-12-17 16:42:17.840379, 29a.sql, 59357.745, 464.239, Bao
16, 21, 0, 2025-12-17 16:42:20.774494, 31c.sql, 1073.4, 514.421, Bao
16, 21, 1, 2025-12-17 16:42:23.755127, 31c.sql, 1094.051, 658.948, Bao
16, 21, 2, 2025-12-17 16:42:28.152922, 31c.sql, 1056.959, 450.493, Bao
16, 22, 0, 2025-12-17 16:42:31.887722, 25a.sql, 449.665, 2723.469, Bao
16, 22, 1, 2025-12-17 16:42:35.576870, 25a.sql, 439.187, 2693.575, Bao
16, 22, 2, 2025-12-17 16:42:42.064938, 25a.sql, 414.024, 2436.781, Bao
16, 23, 0, 2025-12-17 16:42:42.966140, 5a.sql, 276.029, 227.953, Bao
16, 23, 1, 2025-12-17 16:42:43.871244, 5a.sql, 271.14, 223.312, Bao
16, 23, 2, 2025-12-17 16:42:45.136783, 5a.sql, 245.452, 219.98, Bao
16, 24, 0, 2025-12-17 16:42:48.342539, 26b.sql, 1302.278, 257.646, Bao
16, 24, 1, 2025-12-17 16:42:51.362735, 26b.sql, 1301.508, 276.286, Bao
16, 24, 2, 2025-12-17 16:42:55.767819, 26b.sql, 1261.123, 202.174, Bao
17, 0, 0, 2025-12-17 16:43:19.403002, 6f.sql, 273.618, 4352.767, Bao
17, 0, 1, 2025-12-17 16:43:24.381242, 6f.sql, 278.833, 4322.111, Bao
17, 0, 2, 2025-12-17 16:43:33.347929, 6f.sql, 232.37, 4037.985, Bao
17, 1, 0, 2025-12-17 16:43:46.818880, 33a.sql, 6540.474, 106.496, Bao
17, 1, 1, 2025-12-17 16:44:00.161064, 33a.sql, 6553.722, 101.911, Bao
17, 1, 2, 2025-12-17 16:44:19.800334, 33a.sql, 6357.116, 100.441, Bao
17, 2, 0, 2025-12-17 16:44:21.789614, 23b.sql, 856.001, 156.896, Bao
17, 2, 1, 2025-12-17 16:44:23.895352, 23b.sql, 851.763, 161.852, Bao
17, 2, 2, 2025-12-17 16:44:26.740757, 23b.sql, 814.217, 142.885, Bao
17, 3, 0, 2025-12-17 16:44:30.787334, 17e.sql, 304.712, 3313.796, Bao
17, 3, 1, 2025-12-17 16:44:34.826587, 17e.sql, 310.239, 3298.341, Bao
17, 3, 2, 2025-12-17 16:44:41.861243, 17e.sql, 285.997, 3235.171, Bao
17, 4, 0, 2025-12-17 16:44:47.855760, 17c.sql, 307.075, 5265.291, Bao
17, 4, 1, 2025-12-17 16:44:53.847576, 17c.sql, 312.753, 5246.903, Bao
17, 4, 2, 2025-12-17 16:45:04.938806, 17c.sql, 280.283, 4983.639, Bao
17, 5, 0, 2025-12-17 16:45:06.209832, 2a.sql, 277.25, 610.401, Bao
17, 5, 1, 2025-12-17 16:45:07.546296, 2a.sql, 271.067, 621.983, Bao
17, 5, 2, 2025-12-17 16:45:09.453199, 2a.sql, 231.725, 527.684, Bao
17, 6, 0, 2025-12-17 16:45:18.531870, 33c.sql, 4391.634, 109.638, Bao
17, 6, 1, 2025-12-17 16:45:27.622619, 33c.sql, 4400.25, 99.12, Bao
17, 6, 2, 2025-12-17 16:45:41.034575, 33c.sql, 4337.375, 92.30, Bao
17, 7, 0, 2025-12-17 16:45:42.553264, 25b.sql, 462.119, 473.258, Bao
17, 7, 1, 2025-12-17 16:45:44.074859, 25b.sql, 454.493, 469.761, Bao
17, 7, 2, 2025-12-17 16:45:46.325508, 25b.sql, 415.574, 407.989, Bao
17, 8, 0, 2025-12-17 16:47:50.837826, 29b.sql, 61731.268, 410.119, Bao
17, 8, 1, 2025-12-17 16:49:55.427392, 29b.sql, 61632.969, 409.46, Bao
17, 8, 2, 2025-12-17 16:52:59.930918, 29b.sql, 59419.948, 399.60, Bao
17, 9, 0, 2025-12-17 16:53:01.298417, 18a.sql, 381.62, 530.667, Bao
17, 9, 1, 2025-12-17 16:53:02.640017, 18a.sql, 308.765, 493.358, Bao
17, 9, 2, 2025-12-17 16:53:04.471727, 18a.sql, 263.432, 441.87, Bao
17, 10, 0, 2025-12-17 16:53:05.351412, 12b.sql, 343.22, 84.092, Bao
17, 10, 1, 2025-12-17 16:53:06.233807, 12b.sql, 325.859, 83.366, Bao
17, 10, 2, 2025-12-17 16:53:07.433411, 12b.sql, 314.848, 82.768, Bao
17, 11, 0, 2025-12-17 16:53:08.478954, 18b.sql, 299.518, 315.105, Bao
17, 11, 1, 2025-12-17 16:53:09.526314, 18b.sql, 306.278, 313.959, Bao
17, 11, 2, 2025-12-17 16:53:11.085166, 18b.sql, 284.331, 290.587, Bao
17, 12, 0, 2025-12-17 16:53:15.375850, 17f.sql, 305.227, 3509.48, Bao
17, 12, 1, 2025-12-17 16:53:19.736133, 17f.sql, 309.608, 3557.247, Bao
17, 12, 2, 2025-12-17 16:53:27.003313, 17f.sql, 282.438, 3448.448, Bao
17, 13, 0, 2025-12-17 16:53:29.023286, 19c.sql, 617.146, 557.513, Bao
17, 13, 1, 2025-12-17 16:53:31.090443, 19c.sql, 629.026, 552.758, Bao
17, 13, 2, 2025-12-17 16:53:34.217677, 19c.sql, 593.521, 506.339, Bao
17, 14, 0, 2025-12-17 16:53:37.434396, 26b.sql, 1310.768, 256.219, Bao
17, 14, 1, 2025-12-17 16:53:40.655223, 26b.sql, 1313.656, 247.454, Bao
17, 14, 2, 2025-12-17 16:53:45.046116, 26b.sql, 1262.472, 189.656, Bao
17, 15, 0, 2025-12-17 16:53:46.140358, 14b.sql, 336.391, 299.528, Bao
17, 15, 1, 2025-12-17 16:53:47.277843, 14b.sql, 340.49, 271.393, Bao
17, 15, 2, 2025-12-17 16:53:48.840601, 14b.sql, 300.994, 212.153, Bao
17, 16, 0, 2025-12-17 16:53:55.241084, 17b.sql, 313.596, 5663.238, Bao
17, 16, 1, 2025-12-17 16:54:01.620145, 17b.sql, 314.751, 5636.683, Bao
17, 16, 2, 2025-12-17 16:54:11.138061, 17b.sql, 270.42, 4212.022, Bao
17, 17, 0, 2025-12-17 16:54:17.324499, 30c.sql, 1770.21, 2501.398, Bao
17, 17, 1, 2025-12-17 16:54:23.319677, 30c.sql, 1785.881, 2269.668, Bao
17, 17, 2, 2025-12-17 16:54:33.246386, 30c.sql, 1736.589, 2178.125, Bao
17, 18, 0, 2025-12-17 16:54:35.969071, 31a.sql, 1102.033, 400.456, Bao
17, 18, 1, 2025-12-17 16:54:38.599799, 31a.sql, 1091.571, 323.207, Bao
17, 18, 2, 2025-12-17 16:54:42.708436, 31a.sql, 1049.615, 289.818, Bao
17, 19, 0, 2025-12-17 16:54:43.921110, 12a.sql, 350.049, 304.32, Bao
17, 19, 1, 2025-12-17 16:54:45.036727, 12a.sql, 345.981, 302.491, Bao
17, 19, 2, 2025-12-17 16:54:46.688215, 12a.sql, 334.266, 279.692, Bao
17, 20, 0, 2025-12-17 16:54:47.886639, 21b.sql, 453.023, 167.392, Bao
17, 20, 1, 2025-12-17 16:54:49.194355, 21b.sql, 463.838, 168.445, Bao
17, 20, 2, 2025-12-17 16:54:50.897583, 21b.sql, 425.771, 150.021, Bao
17, 21, 0, 2025-12-17 16:54:53.924335, 26b.sql, 1302.976, 278.513, Bao
17, 21, 1, 2025-12-17 16:54:57.150948, 26b.sql, 1308.512, 254.49, Bao
17, 21, 2, 2025-12-17 16:55:01.591459, 26b.sql, 1276.77, 208.73, Bao
17, 22, 0, 2025-12-17 16:55:02.805648, 21b.sql, 465.344, 173.623, Bao
17, 22, 1, 2025-12-17 16:55:04.008442, 21b.sql, 464.002, 166.0, Bao
17, 22, 2, 2025-12-17 16:55:05.720004, 21b.sql, 425.42, 158.498, Bao
17, 23, 0, 2025-12-17 16:55:08.231952, 16c.sql, 349.105, 1687.378, Bao
17, 23, 1, 2025-12-17 16:55:10.806629, 16c.sql, 357.308, 1692.218, Bao
17, 23, 2, 2025-12-17 16:55:14.934973, 16c.sql, 314.718, 1492.29, Bao
17, 24, 0, 2025-12-17 16:55:16.162045, 21c.sql, 466.725, 169.725, Bao
17, 24, 1, 2025-12-17 16:55:17.425588, 21c.sql, 466.723, 180.393, Bao
17, 24, 2, 2025-12-17 16:55:19.201387, 21c.sql, 424.718, 159.868, Bao
18, 0, 0, 2025-12-17 16:55:37.955336, 7a.sql, 347.937, 928.355, Bao
18, 0, 1, 2025-12-17 16:55:39.694860, 7a.sql, 351.447, 917.635, Bao
18, 0, 2, 2025-12-17 16:55:42.364539, 7a.sql, 310.932, 722.516, Bao
18, 1, 0, 2025-12-17 16:55:55.323122, 28a.sql, 5399.733, 1047.381, Bao
18, 1, 1, 2025-12-17 16:56:08.246356, 28a.sql, 5432.823, 1037.48, Bao
18, 1, 2, 2025-12-17 16:56:26.669369, 28a.sql, 5372.901, 1005.122, Bao
18, 2, 0, 2025-12-17 16:56:33.845441, 30c.sql, 1795.074, 3430.92, Bao
18, 2, 1, 2025-12-17 16:56:40.979437, 30c.sql, 1766.922, 3446.40, Bao
18, 2, 2, 2025-12-17 16:56:53.444671, 30c.sql, 1728.809, 3273.642, Bao
18, 3, 0, 2025-12-17 16:56:54.233302, 6a.sql, 271.019, 125.735, Bao
18, 3, 1, 2025-12-17 16:56:55.029680, 6a.sql, 276.733, 124.285, Bao
18, 3, 2, 2025-12-17 16:56:56.067346, 6a.sql, 237.288, 113.097, Bao
18, 4, 0, 2025-12-17 16:57:05.947004, 33c.sql, 4376.511, 111.152, Bao
18, 4, 1, 2025-12-17 16:57:15.005386, 33c.sql, 4401.027, 98.653, Bao
18, 4, 2, 2025-12-17 16:57:28.503659, 33c.sql, 4343.08, 95.291, Bao
18, 5, 0, 2025-12-17 16:57:32.522853, 20a.sql, 502.315, 2907.262, Bao
18, 5, 1, 2025-12-17 16:57:36.734026, 20a.sql, 500.82, 2912.794, Bao
18, 5, 2, 2025-12-17 16:57:43.465809, 20a.sql, 471.578, 2771.704, Bao
18, 6, 0, 2025-12-17 16:57:44.502243, 10a.sql, 300.501, 321.212, Bao
18, 6, 1, 2025-12-17 16:57:45.542016, 10a.sql, 307.293, 312.248, Bao
18, 6, 2, 2025-12-17 16:57:47.070581, 10a.sql, 277.348, 287.71, Bao
18, 7, 0, 2025-12-17 16:57:47.812181, 1b.sql, 278.904, 82.558, Bao
18, 7, 1, 2025-12-17 16:57:48.537521, 1b.sql, 263.743, 82.766, Bao
18, 7, 2, 2025-12-17 16:57:49.516975, 1b.sql, 234.541, 81.886, Bao
18, 8, 0, 2025-12-17 16:58:02.701263, 33b.sql, 6472.338, 98.042, Bao
18, 8, 1, 2025-12-17 16:58:15.842456, 33b.sql, 6439.645, 98.726, Bao
18, 8, 2, 2025-12-17 16:58:35.962028, 33b.sql, 6411.759, 100.482, Bao
18, 9, 0, 2025-12-17 16:58:36.742008, 6a.sql, 278.934, 120.291, Bao
18, 9, 1, 2025-12-17 16:58:37.512113, 6a.sql, 272.465, 121.22, Bao
18, 9, 2, 2025-12-17 16:58:38.565027, 6a.sql, 236.61, 111.109, Bao
18, 10, 0, 2025-12-17 16:58:42.373113, 8c.sql, 301.919, 3068.697, Bao
18, 10, 1, 2025-12-17 16:58:46.347109, 8c.sql, 305.348, 3229.266, Bao
18, 10, 2, 2025-12-17 16:58:53.292321, 8c.sql, 272.023, 3092.374, Bao
18, 11, 0, 2025-12-17 16:58:54.502971, 21c.sql, 468.339, 172.679, Bao
18, 11, 1, 2025-12-17 16:58:55.719595, 21c.sql, 459.012, 167.363, Bao
18, 11, 2, 2025-12-17 16:58:57.508255, 21c.sql, 426.048, 153.42, Bao
18, 12, 0, 2025-12-17 16:59:10.796338, 33a.sql, 6492.381, 107.363, Bao
18, 12, 1, 2025-12-17 16:59:24.957817, 33a.sql, 6511.929, 104.5, Bao
18, 12, 2, 2025-12-17 16:59:44.667193, 33a.sql, 6428.166, 91.97, Bao
18, 13, 0, 2025-12-17 16:59:47.691780, 26b.sql, 1313.187, 277.948, Bao
18, 13, 1, 2025-12-17 16:59:50.715574, 26b.sql, 1305.601, 280.932, Bao
18, 13, 2, 2025-12-17 16:59:55.346175, 26b.sql, 1271.479, 196.213, Bao
18, 14, 0, 2025-12-17 17:00:07.543233, 28c.sql, 5393.526, 1236.598, Bao
18, 14, 1, 2025-12-17 17:00:19.961130, 28c.sql, 5397.199, 1166.136, Bao
18, 14, 2, 2025-12-17 17:00:38.255513, 28c.sql, 5286.528, 1049.34, Bao
18, 15, 0, 2025-12-17 17:00:40.470860, 16d.sql, 353.918, 1392.207, Bao
18, 15, 1, 2025-12-17 17:00:42.691726, 16d.sql, 356.808, 1389.56, Bao
18, 15, 2, 2025-12-17 17:00:46.229239, 16d.sql, 315.413, 1186.71, Bao
18, 16, 0, 2025-12-17 17:00:48.433666, 16d.sql, 357.206, 1380.032, Bao
18, 16, 1, 2025-12-17 17:00:50.644100, 16d.sql, 355.447, 1394.142, Bao
18, 16, 2, 2025-12-17 17:00:54.216542, 16d.sql, 321.227, 1125.682, Bao
18, 17, 0, 2025-12-17 17:00:56.481759, 22b.sql, 839.528, 336.121, Bao
18, 17, 1, 2025-12-17 17:00:58.709995, 22b.sql, 874.144, 385.374, Bao
18, 17, 2, 2025-12-17 17:01:01.840195, 22b.sql, 802.628, 267.988, Bao
18, 18, 0, 2025-12-17 17:01:02.799835, 11a.sql, 338.189, 161.057, Bao
18, 18, 1, 2025-12-17 17:01:03.756314, 11a.sql, 339.909, 160.164, Bao
18, 18, 2, 2025-12-17 17:01:05.075124, 11a.sql, 300.551, 146.656, Bao
18, 19, 0, 2025-12-17 17:01:10.900254, 19d.sql, 618.468, 4470.776, Bao
18, 19, 1, 2025-12-17 17:01:16.877880, 19d.sql, 625.177, 4492.646, Bao
18, 19, 2, 2025-12-17 17:01:27.182199, 19d.sql, 589.443, 4384.975, Bao
18, 20, 0, 2025-12-17 17:01:32.980372, 30a.sql, 1782.04, 2083.991, Bao
18, 20, 1, 2025-12-17 17:01:38.770973, 30a.sql, 1784.805, 2080.199, Bao
18, 20, 2, 2025-12-17 17:01:48.096884, 30a.sql, 1742.563, 1614.066, Bao
18, 21, 0, 2025-12-17 17:01:49.403345, 21a.sql, 463.176, 172.303, Bao
18, 21, 1, 2025-12-17 17:01:50.710203, 21a.sql, 464.787, 170.157, Bao
18, 21, 2, 2025-12-17 17:01:52.417838, 21a.sql, 424.636, 154.253, Bao
18, 22, 0, 2025-12-17 17:01:53.605962, 15b.sql, 472.954, 118.943, Bao
18, 22, 1, 2025-12-17 17:01:54.879235, 15b.sql, 476.011, 131.935, Bao
18, 22, 2, 2025-12-17 17:01:56.545398, 15b.sql, 438.887, 117.052, Bao
18, 23, 0, 2025-12-17 17:01:58.705023, 23a.sql, 849.916, 332.561, Bao
18, 23, 1, 2025-12-17 17:02:00.858072, 23a.sql, 851.572, 329.696, Bao
18, 23, 2, 2025-12-17 17:02:04.012879, 23a.sql, 816.561, 252.398, Bao
18, 24, 0, 2025-12-17 17:02:05.249658, 14a.sql, 339.879, 373.936, Bao
18, 24, 1, 2025-12-17 17:02:06.534463, 14a.sql, 335.165, 438.049, Bao
18, 24, 2, 2025-12-17 17:02:08.286858, 14a.sql, 298.962, 324.626, Bao
